x,meanNoByzantine,upNoByzantine,lowNoByzantine,meanDirInterferenceLie,upDirInterferenceLie,lowDirInterferenceLie,meanInterferenceLie,upInterferenceLie,lowInterferenceLie,meanUserDirLie,upUserDirLie,lowUserDirLie
1,985508.488,1315106.9995283848,655909.9764716154,985508.488,1315106.9995283848,655909.9764716154,985508.488,1315106.9995283848,655909.9764716154,985508.488,1315106.9995283848,655909.9764716154
11,2465406.368,3207410.6153582996,1723402.1206417,2094284.504,2766877.232309061,1421691.7756909388,2465406.368,3207410.6153582996,1723402.1206417,1687420.59,2145537.107938525,1229304.0720614754
21,3680524.55,4693534.865686435,2667514.234313564,2925715.51,3849903.115507449,2001527.9044925505,3680524.55,4693534.865686435,2667514.234313564,2524966.988,3387904.837723128,1662029.1382768718
31,4754273.54,5877003.084825759,3631543.9951742413,3524651.784,4539123.793031203,2510179.774968798,4754273.54,5877003.084825759,3631543.9951742413,2590957.408,3459452.8349652495,1722461.9810347501
41,6184126.54,7487938.128758769,4880314.9512412315,4724526.238,5881801.159049894,3567251.316950106,6184126.54,7487938.128758769,4880314.9512412315,3273595.44,4218662.37732877,2328528.5026712297
51,7252124.07,8667967.882084776,5836280.257915224,5601043.93,6831773.001960582,4370314.858039417,7252124.07,8667967.882084776,5836280.257915224,3756428.79,4774413.537099751,2738444.042900249
61,7663776.996,9086215.776200755,6241338.215799246,5645152.526,6828145.92727046,4462159.124729539,7663776.996,9086215.776200755,6241338.215799246,4325787.818,5466064.363531755,3185511.2724682447
71,7742516.2,9261142.053114817,6223890.346885184,6056683.3,7333190.99310671,4780175.60689329,7742516.2,9261142.053114817,6223890.346885184,4314148.886,5419464.312458216,3208833.4595417837
81,8546698.98,10261686.907743337,6831711.052256663,6532324.66,7945726.125547552,5118923.194452449,8546698.98,10261686.907743337,6831711.052256663,4766144.632,5956073.207281637,3576216.0567183634
91,8687195.588,10313945.795323674,7060445.380676325,6766538.058,8190710.935308942,5342365.180691059,8687195.588,10313945.795323674,7060445.380676325,4653417.644,5682035.703092994,3624799.5849070065
101,9357101.58,11053274.58172194,7660928.578278061,7232370.674,8718174.471372679,5746566.876627321,9357101.58,11053274.58172194,7660928.578278061,4739391.782,5779027.6199414525,3699755.9440585463
111,10066484.896,11930217.10525795,8202752.686742048,7816142.528,9445851.533115705,6186433.522884294,10066484.896,11930217.10525795,8202752.686742048,5073786.73,6155209.633012254,3992363.826987747
121,10387252.2,12284330.016374294,8490174.383625705,7612456.274,9144462.514091473,6080450.033908527,10387252.2,12284330.016374294,8490174.383625705,5135856.138,6241794.52531238,4029917.7506876206
131,11360726.296,13485698.758342002,9235753.833657999,8138951.634,9824408.5651381,6453494.7028618995,11360726.296,13485698.758342002,9235753.833657999,5405704.576,6690755.896146329,4120653.255853672
141,12111997.982,14519318.72539295,9704677.23860705,8563937.28,10467725.489167329,6660149.070832669,12111997.982,14519318.72539295,9704677.23860705,5653133.654,7085010.758291969,4221256.549708031
151,12105110.37,14499832.30108365,9710388.438916348,8589531.902,10449782.206357379,6729281.597642624,12105110.37,14499832.30108365,9710388.438916348,5704996.062,7149043.655611544,4260948.468388456
161,12459996.92,14906065.662986653,10013928.177013347,9208863.072,11114813.406786373,7302912.737213628,12459996.92,14906065.662986653,10013928.177013347,6218790.95,7745712.638933102,4691869.261066899
171,12318583.232,14686656.715172496,9950509.748827506,9019519.33,10848001.947687864,7191036.712312135,12318583.232,14686656.715172496,9950509.748827506,5663459.392,7125318.347786568,4201600.436213432
181,12441123.062,14697721.258595236,10184524.865404766,9484904.606,11378497.650401568,7591311.561598432,12441123.062,14697721.258595236,10184524.865404766,6096070.762,7450137.866178884,4742003.657821116
191,13083918.702,15511658.340983802,10656179.063016197,9568700.156,11623836.306965664,7513564.005034334,13083918.702,15511658.340983802,10656179.063016197,6407588.834,7841334.847436341,4973842.820563658
201,13196712.008,15566419.696629854,10827004.319370145,10076623.044,12183848.916727852,7969397.171272147,13196712.008,15566419.696629854,10827004.319370145,6801937.226,8391956.474299738,5211917.9777002605
211,12680826.068,15009713.446818206,10351938.689181793,9842968.138,11920007.550550397,7765928.725449602,12680826.068,15009713.446818206,10351938.689181793,6801766.53,8415254.849383686,5188278.210616314
221,12468302.518,14743680.550240431,10192924.485759567,9528663.358,11541626.957827572,7515699.758172427,12468302.518,14743680.550240431,10192924.485759567,6567028.496,8065366.23422292,5068690.757777081
231,13596700.732,16012022.900327004,11181378.563672997,10382419.976,12418211.83659757,8346628.11540243,13596700.732,16012022.900327004,11181378.563672997,6956546.102,8509478.066031553,5403614.137968448
241,13286434.554,15683496.632419595,10889372.475580404,10321597.258,12320774.457836814,8322420.058163186,13286434.554,15683496.632419595,10889372.475580404,6821705.574,8300429.696956104,5342981.451043896
251,13387996.872,15815183.78867922,10960809.95532078,10391094.11,12357786.700766494,8424401.519233504,13387996.872,15815183.78867922,10960809.95532078,6949429.442,8455344.860233847,5443514.0237661535
261,13141256.92,15501397.824052084,10781116.015947916,10339437.514,12235393.91415434,8443481.113845661,13141256.92,15501397.824052084,10781116.015947916,6820340.726,8234809.06614754,5405872.38585246
271,13281329.418,15692583.044486865,10870075.791513134,10333750.89,12240128.164243128,8427373.615756873,13281329.418,15692583.044486865,10870075.791513134,7138474.506,8662502.830180334,5614446.181819666
281,12899957.22,15297830.653042879,10502083.786957122,10114752.0,12111300.178868968,8118203.821131033,12899957.22,15297830.653042879,10502083.786957122,6952434.014,8466605.842133423,5438262.185866578
291,12371037.594,14687783.163920086,10054292.024079915,9824029.942,11801008.332217477,7847051.551782522,12371037.594,14687783.163920086,10054292.024079915,7027955.062,8601187.446774714,5454722.677225287
301,12815866.054,15204266.36699716,10427465.741002839,9895850.332,11863113.296915177,7928587.367084824,12815866.054,15204266.36699716,10427465.741002839,7285507.618,8938679.465440253,5632335.770559748
311,13060189.326,15374543.30681953,10745835.345180469,10299397.274,12264131.018598132,8334663.529401869,13060189.326,15374543.30681953,10745835.345180469,7300034.414,8844891.430532297,5755177.397467704
321,13243983.268,15589167.290768782,10898799.245231217,10641868.524,12659379.632937798,8624357.415062202,13243983.268,15589167.290768782,10898799.245231217,7514139.818,9098235.081408057,5930044.554591943
331,13502570.192,15928480.320396999,11076660.063603,10262111.844,12163161.77211526,8361061.915884741,13502570.192,15928480.320396999,11076660.063603,7408085.952,8978095.069812395,5838076.8341876045
341,13451646.672,15868500.195795301,11034793.1482047,10616822.124,12517217.810658555,8716426.437341444,13451646.672,15868500.195795301,11034793.1482047,7450912.614,8994957.563412499,5906867.664587501
351,13400406.472,15777636.417231519,11023176.52676848,10416379.938,12332988.308670625,8499771.567329373,13400406.472,15777636.417231519,11023176.52676848,7718171.234,9341649.472486302,6094692.995513698
361,13299405.41,15595748.513318496,11003062.306681504,10462392.464,12310286.74793035,8614498.18006965,13299405.41,15595748.513318496,11003062.306681504,7702736.334,9240306.971501524,6165165.696498476
371,12841735.702,15020062.076674059,10663409.32732594,10220805.67,12045268.00547352,8396343.33452648,12841735.702,15020062.076674059,10663409.32732594,7304989.63,8812349.924383877,5797629.335616123
381,12808031.698,15026108.286856286,10589955.109143715,10243372.26,12088424.21713706,8398320.30286294,12808031.698,15026108.286856286,10589955.109143715,7304668.316,8818898.091326144,5790438.540673855
391,13551540.972,15888678.982410196,11214402.961589802,10671347.714,12564487.982295059,8778207.44570494,13551540.972,15888678.982410196,11214402.961589802,7526482.636,9086796.133030627,5966169.138969373
401,13591304.486,15923907.397241855,11258701.574758144,10612623.888,12523708.652677033,8701539.123322967,13591304.486,15923907.397241855,11258701.574758144,7417084.934,9007693.110304631,5826476.75769537
411,13327742.964,15675577.42479827,10979908.503201729,10505582.202,12462591.307946462,8548573.096053537,13327742.964,15675577.42479827,10979908.503201729,7370400.572,8938404.518749965,5802396.625250035
421,13401728.378,15742546.983196318,11060909.772803683,10478400.042,12412740.8793776,8544059.204622399,13401728.378,15742546.983196318,11060909.772803683,7351037.636,8868724.487317173,5833350.784682827
431,13756698.456,16110901.480529323,11402495.431470677,10391257.724,12300835.398121217,8481680.049878782,13756698.456,16110901.480529323,11402495.431470677,6918503.642,8397664.69999851,5439342.584001491
441,14119110.6,16638900.089304302,11599321.110695697,10795234.104,12875929.719472166,8714538.488527834,14119110.6,16638900.089304302,11599321.110695697,7324355.83,8966507.335513797,5682204.3244862035
451,14287569.004,16870511.489873555,11704626.518126447,11236511.23,13535772.437662974,8937250.022337027,14287569.004,16870511.489873555,11704626.518126447,7649740.318,9498563.98717553,5800916.64882447
461,14565291.684,17093873.178232312,12036710.18976769,11351670.73,13587352.602320971,9115988.85767903,14565291.684,17093873.178232312,12036710.18976769,7594531.604,9415667.620748095,5773395.587251905
471,14388724.03,16838099.294702787,11939348.765297214,11362333.476,13472148.645365,9252518.306635,14388724.03,16838099.294702787,11939348.765297214,7427908.858,9084157.112728827,5771660.603271174
481,14049356.994,16362088.89317225,11736625.094827753,11106851.462,13092912.383776037,9120790.540223962,14049356.994,16362088.89317225,11736625.094827753,7111362.168,8587596.983277021,5635127.352722979
491,13895560.692,16172670.625317551,11618450.758682448,10925763.052,12918414.201698301,8933111.902301697,13895560.692,16172670.625317551,11618450.758682448,7053928.162,8501973.051607158,5605883.272392841
501,13699706.126,16004653.943164375,11394758.308835626,10635974.172,12665686.631515667,8606261.712484334,13699706.126,16004653.943164375,11394758.308835626,7281272.858,8793503.035518453,5769042.6804815475
511,14131187.286,16532409.329671212,11729965.24232879,10996368.17,13107444.359360782,8885291.980639217,14131187.286,16532409.329671212,11729965.24232879,7480256.192,9043179.548404299,5917332.835595701
521,13909271.338,16254829.568834368,11563713.10716563,10822034.084,12874930.305508636,8769137.862491366,13909271.338,16254829.568834368,11563713.10716563,7286062.586,8768255.483376913,5803869.6886230875
531,14312171.722,16681321.561706122,11943021.882293876,10967149.998,13031580.757325944,8902719.238674056,14312171.722,16681321.561706122,11943021.882293876,7360793.218,8867053.262837257,5854533.173162743
541,13796208.622,16215119.429182759,11377297.81481724,10564014.222,12648823.737257956,8479204.706742043,13796208.622,16215119.429182759,11377297.81481724,7041380.618,8555612.444499131,5527148.791500869
551,14308052.502,16762594.101428954,11853510.902571047,11231361.034,13374463.905829336,9088258.162170663,14308052.502,16762594.101428954,11853510.902571047,7522035.188,9129413.796670645,5914656.579329356
561,14029511.214,16415426.647394996,11643595.780605003,11017368.166,13135126.200741567,8899610.131258432,14029511.214,16415426.647394996,11643595.780605003,7143125.53,8700960.302396115,5585290.757603887
571,14243432.718,16564421.80924598,11922443.626754021,11437870.928,13606219.70083459,9269522.15516541,14243432.718,16564421.80924598,11922443.626754021,7234985.968,8800167.38911447,5669804.546885532
581,14131315.542,16515101.785989478,11747529.29801052,11363983.088,13557295.05333941,9170671.122660588,14131315.542,16515101.785989478,11747529.29801052,7470192.41,9017770.863593135,5922613.956406864
591,14405689.35,16820215.73127672,11991162.96872328,11483019.59,13663278.490431499,9302760.689568501,14405689.35,16820215.73127672,11991162.96872328,7344876.014,8878980.058063567,5810771.969936434
601,14369101.722,16804931.200186573,11933272.243813423,10995344.41,13080587.892590899,8910100.927409101,14369101.722,16804931.200186573,11933272.243813423,7180791.794,8678184.334254788,5683399.253745211
611,14499876.56,16920646.049026124,12079107.070973875,11211428.532,13267456.914420336,9155400.149579663,14499876.56,16920646.049026124,12079107.070973875,7384278.204,8878205.03788701,5890351.370112989
621,15299135.09,17896361.924583286,12701908.255416714,11883693.33,14106414.604569314,9660972.055430686,15299135.09,17896361.924583286,12701908.255416714,7527550.052,9202950.581388708,5852149.522611292
631,15953741.61,18823562.400203105,13083920.819796894,11996939.132,14236921.090464767,9756957.173535232,15953741.61,18823562.400203105,13083920.819796894,8156619.388,10015319.597131358,6297919.178868642
641,15790232.014,18583578.67267739,12996885.35532261,12375598.332,14720797.192653773,10030399.471346227,15790232.014,18583578.67267739,12996885.35532261,8379898.218,10258985.311823953,6500811.124176047
651,15938877.404,18665933.22582827,13211821.582171727,12097279.118,14382788.983257562,9811769.25274244,15938877.404,18665933.22582827,13211821.582171727,7978898.086,9705907.994613476,6251888.177386524
661,16353281.902,19254632.24051819,13451931.56348181,12308430.172,14713911.969148,9902948.374852,16353281.902,19254632.24051819,13451931.56348181,8091644.256,9910552.372977026,6272736.139022973
671,16258267.826,19150138.567872643,13366397.084127354,12263195.956,14697938.181412227,9828453.730587773,16258267.826,19150138.567872643,13366397.084127354,7941190.016,9630513.328551034,6251866.703448966
681,16059277.454,18858841.271808673,13259713.636191327,12256639.632,14661995.377982758,9851283.88601724,16059277.454,18858841.271808673,13259713.636191327,8082124.712,9707146.774626752,6457102.649373248
691,16225282.406,19044933.72975659,13405631.082243409,12365051.458,14764076.591404002,9966026.324595999,16225282.406,19044933.72975659,13405631.082243409,8160313.66,9886039.895141892,6434587.424858108
701,16441765.004,19232359.624182414,13651170.383817587,12540291.174,14856154.13317141,10224428.214828592,16441765.004,19232359.624182414,13651170.383817587,8251138.802,9928598.401093673,6573679.202906327
711,16119202.142,18762225.024938937,13476179.259061063,12484289.49,14828823.5856196,10139755.3943804,16119202.142,18762225.024938937,13476179.259061063,8058766.088,9763356.074624602,6354176.101375399
721,15671769.46,18307596.42460231,13035942.49539769,13052797.508,15513901.462178092,10591693.553821906,15671769.46,18307596.42460231,13035942.49539769,8184035.87,9911927.186892126,6456144.553107874
731,15503632.008,18119841.645366795,12887422.370633205,13166162.608,15685777.919114057,10646547.296885941,15503632.008,18119841.645366795,12887422.370633205,8310819.694,10189149.560445432,6432489.827554569
741,15255820.972,17904003.158773217,12607638.785226779,12946868.8,15458634.677676577,10435102.922323424,15255820.972,17904003.158773217,12607638.785226779,8367405.842,10239184.916485475,6495626.767514525
751,15216113.698,17831564.70351499,12600662.692485014,12693914.54,15147792.208962351,10240036.871037647,15216113.698,17831564.70351499,12600662.692485014,8715451.364,10683821.39884418,6747081.32915582
761,14853486.836,17439557.02684767,12267416.645152329,12427748.25,14792363.993069423,10063132.506930577,14853486.836,17439557.02684767,12267416.645152329,8239904.7,10028971.958797855,6450837.441202145
771,15007900.6,17690389.281630173,12325411.918369826,12316128.01,14670235.430504166,9962020.589495834,15007900.6,17690389.281630173,12325411.918369826,8040124.618,9740039.299667293,6340209.936332707
781,14879960.528,17610117.26677876,12149803.78922124,12307696.758,14692865.168763857,9922528.347236142,14879960.528,17610117.26677876,12149803.78922124,7844063.926,9572742.239390021,6115385.61260998
791,15307099.11,18098433.974187907,12515764.245812092,12334204.69,14752571.251829565,9915838.128170434,15307099.11,18098433.974187907,12515764.245812092,7841338.93,9502397.791242585,6180280.068757416
801,15071170.67,17774310.388683863,12368030.951316135,12243247.154,14652497.279278772,9833997.028721226,15071170.67,17774310.388683863,12368030.951316135,7510138.058,9123306.4918687,5896969.624131299
811,14559311.998,17093332.82291116,12025291.173088841,11809341.17,14069012.224927748,9549670.115072252,14559311.998,17093332.82291116,12025291.173088841,7457851.78,8990240.731781673,5925462.828218328
821,14885405.268,17528511.775025263,12242298.760974737,12115897.392,14445340.3378058,9786454.446194202,14885405.268,17528511.775025263,12242298.760974737,7525794.316,9135344.03656746,5916244.595432539
831,14839448.176,17378963.523452472,12299932.828547528,12039986.032,14269187.39999552,9810784.664004479,14839448.176,17378963.523452472,12299932.828547528,7778516.904,9363714.17476336,6193319.633236642
841,14963452.944,17505275.798345644,12421630.089654356,12289652.726,14555548.0841637,10023757.3678363,14963452.944,17505275.798345644,12421630.089654356,7908127.418,9489948.834571045,6326306.001428954
851,14609255.216,17125502.119881846,12093008.312118152,12232412.23,14510792.882571481,9954031.57742852,14609255.216,17125502.119881846,12093008.312118152,7576130.812,9086101.910237223,6066159.713762778
861,15144478.288,17712228.59645866,12576727.979541343,12460799.124,14796548.44047,10125049.807529999,15144478.288,17712228.59645866,12576727.979541343,7854739.166,9424960.978355026,6284517.353644974
871,14863573.694,17306992.191697292,12420155.196302708,11847745.148,14062583.411643675,9632906.884356325,14863573.694,17306992.191697292,12420155.196302708,7618737.282,9106456.552547034,6131018.0114529645
881,15002616.438,17550998.23565491,12454234.64034509,11725435.484,14005783.779646186,9445087.188353812,15002616.438,17550998.23565491,12454234.64034509,7332935.508,8800290.59863362,5865580.41736638
891,15295219.692,17887671.147424754,12702768.236575246,12099720.858,14340419.579419129,9859022.13658087,15295219.692,17887671.147424754,12702768.236575246,7722031.426,9313307.24259824,6130755.609401762
901,15604130.912,18148202.92579473,13060058.89820527,12547212.262,14808932.608216766,10285491.915783234,15604130.912,18148202.92579473,13060058.89820527,8285183.35,9978689.799422989,6591676.900577011
911,15606498.76,18149245.02945685,13063752.49054315,11988648.466,14151872.833472922,9825424.098527078,15606498.76,18149245.02945685,13063752.49054315,8181602.48,9804877.680564437,6558327.279435564
921,15640813.588,18247291.159440503,13034336.016559497,11727276.116,13872106.486803014,9582445.745196987,15640813.588,18247291.159440503,13034336.016559497,8183786.85,9951582.01468367,6415991.68531633
931,16343039.418,19164503.090069767,13521575.745930232,12247231.342,14508582.306120591,9985880.37787941,16343039.418,19164503.090069767,13521575.745930232,8323788.668,10120795.561292969,6526781.77470703
941,16425215.548,19278923.612069502,13571507.483930498,12519579.056,14816217.765876664,10222940.346123336,16425215.548,19278923.612069502,13571507.483930498,8244981.998,10060825.892807221,6429138.103192777
951,16360408.988,19184304.95921339,13536513.01678661,12528244.988,14801623.519755866,10254866.456244133,16360408.988,19184304.95921339,13536513.01678661,8292336.994,10092873.677245887,6491800.310754114
961,16435646.948,19256075.35462764,13615218.541372363,12541690.696,14760579.292775609,10322802.099224392,16435646.948,19256075.35462764,13615218.541372363,8594139.94,10406297.47070585,6781982.409294148
971,16318523.302,19066306.14215426,13570740.461845737,12707602.15,14951248.248548364,10463956.051451636,16318523.302,19066306.14215426,13570740.461845737,8868897.958,10685888.102729982,7051907.813270019
981,16087652.306,18784819.69078083,13390484.92121917,12426885.758,14635274.551297434,10218496.964702565,16087652.306,18784819.69078083,13390484.92121917,8779369.824,10568961.643179363,6989778.004820636
991,16231982.104,18927332.072339524,13536632.135660477,12578014.762,14781696.583314493,10374332.940685507,16231982.104,18927332.072339524,13536632.135660477,8657869.33,10417503.787339048,6898234.872660952
1001,16196314.57,18894136.742491003,13498492.397508997,12531915.73,14751394.712334508,10312436.747665493,16196314.57,18894136.742491003,13498492.397508997,8345259.116,10025366.579322178,6665151.652677823
1011,15872421.256,18501510.164768595,13243332.347231405,12360814.86,14510483.624873787,10211146.095126212,15872421.256,18501510.164768595,13243332.347231405,8280376.692,9923930.934862597,6636822.449137403
1021,16184228.156,18893690.388813645,13474765.923186354,12726499.332,15005766.310615215,10447232.353384785,16184228.156,18893690.388813645,13474765.923186354,8573893.266,10369144.581358928,6778641.950641073
1031,15977785.544,18687659.43253252,13267911.655467482,12551667.068,14812090.79165318,10291243.34434682,15977785.544,18687659.43253252,13267911.655467482,8451683.188,10242889.124222878,6660477.25177712
1041,16166577.95,18927412.627328962,13405743.272671036,12461846.128,14832120.66913028,10091571.58686972,16166577.95,18927412.627328962,13405743.272671036,8347805.702,10177718.179137968,6517893.224862032
1051,16349329.12,19157996.307774898,13540661.932225103,12287974.198,14618039.532809505,9957908.863190496,16349329.12,19157996.307774898,13540661.932225103,8747385.726,10601626.581316616,6893144.870683382
1061,16610804.58,19448408.717329692,13773200.442670308,12412581.426,14805052.073931161,10020110.77806884,16610804.58,19448408.717329692,13773200.442670308,9163427.896,11130823.595936336,7196032.196063665
1071,17033664.36,19901321.054993477,14166007.665006522,12676361.754,15110094.751343917,10242628.756656084,17033664.36,19901321.054993477,14166007.665006522,9550413.334,11670168.489667945,7430658.178332057
1081,16877540.01,19813349.953102294,13941730.06689771,12795769.646,15231681.2908906,10359858.001109399,16877540.01,19813349.953102294,13941730.06689771,9529887.52,11601200.591599284,7458574.448400715
1091,17033622.53,19993733.2124792,14073511.847520802,12617134.368,15016227.964670807,10218040.771329194,17033622.53,19993733.2124792,14073511.847520802,9689589.556,11728302.919723485,7650876.192276516
1101,16797002.618,19731780.375116166,13862224.860883836,12514134.844,14955382.419250311,10072887.26874969,16797002.618,19731780.375116166,13862224.860883836,9520371.06,11557158.427774677,7483583.692225324
1111,17040526.232,20078790.31823276,14002262.145767242,12581507.272,15084908.884167332,10078105.659832668,17040526.232,20078790.31823276,14002262.145767242,9735670.622,11824650.971785815,7646690.272214184
1121,16931494.692,19955250.857822783,13907738.52617722,12573754.678,15107247.88944228,10040261.466557719,16931494.692,19955250.857822783,13907738.52617722,9455518.1,11497475.695163984,7413560.504836015
1131,17113989.174,20195196.405599274,14032781.942400726,12662765.166,15163235.7244557,10162294.6075443,17113989.174,20195196.405599274,14032781.942400726,9584556.874,11637770.80923967,7531342.938760328
1141,17407262.0,20635151.521504484,14179372.478495518,13150812.392,15836170.505289746,10465454.278710255,17407262.0,20635151.521504484,14179372.478495518,9535307.92,11606495.216828294,7464120.623171706
1151,16695008.144,19833271.075393137,13556745.212606862,12882366.798,15586293.67325878,10178439.922741221,16695008.144,19833271.075393137,13556745.212606862,9449235.402,11466986.840241944,7431483.963758057
1161,16230817.77,19314422.353660237,13147213.18633976,12498918.3,15182113.731705038,9815722.868294964,16230817.77,19314422.353660237,13147213.18633976,9003060.3,10961822.6668906,7044297.933109401
1171,16238956.624,19342548.6360006,13135364.6119994,11981043.922,14608652.997722823,9353434.846277177,16238956.624,19342548.6360006,13135364.6119994,8650997.99,10528446.003142856,6773549.976857145
1181,16214914.902,19216889.75931923,13212940.044680769,11759581.934,14265759.862722944,9253404.005277056,16214914.902,19216889.75931923,13212940.044680769,8664484.674,10589525.387502562,6739443.960497438
1191,16329569.712,19204793.700097717,13454345.723902283,12178769.418,14604348.772704016,9753190.063295983,16329569.712,19204793.700097717,13454345.723902283,9087791.612,11002316.874435356,7173266.349564643
1201,16364263.802,19253970.09786542,13474557.506134579,11938925.158,14320627.2488058,9557223.0671942,16364263.802,19253970.09786542,13474557.506134579,9086912.284,10936624.295353806,7237200.272646194
1211,16361231.126,19242617.72780123,13479844.524198769,12254591.7,14638219.869275559,9870963.53072444,16361231.126,19242617.72780123,13479844.524198769,9302929.88,11168766.580993762,7437093.179006239
1221,16520136.734,19464340.54897973,13575932.91902027,12410596.112,14919476.874443004,9901715.349556996,16520136.734,19464340.54897973,13575932.91902027,9402952.172,11378338.109475838,7427566.234524162
1231,16176908.518,19041895.787196092,13311921.248803906,12021125.318,14449576.395680934,9592674.240319066,16176908.518,19041895.787196092,13311921.248803906,9171411.66,11048405.900970988,7294417.419029011
1241,15894491.478,18747611.461228974,13041371.494771026,11663450.208,14126272.396396782,9200628.019603219,15894491.478,18747611.461228974,13041371.494771026,9029584.142,10890535.024947206,7168633.259052796
1251,16272717.574,19156080.84917012,13389354.298829878,12030471.054,14507377.162203863,9553564.945796136,16272717.574,19156080.84917012,13389354.298829878,9298044.618,11239495.447824948,7356593.788175054
1261,16135744.122,18957458.30180079,13314029.942199208,12445201.868,14937725.304457625,9952678.431542376,16135744.122,18957458.30180079,13314029.942199208,9174623.918,11053132.083833346,7296115.752166654
1271,15950159.132,18701477.25463266,13198841.00936734,12451562.152,14966538.180405147,9936586.123594854,15950159.132,18701477.25463266,13198841.00936734,9056852.752,10885157.993197132,7228547.51080287
1281,15325000.292,17966579.63141427,12683420.952585733,12396179.732,14818404.55964878,9973954.904351221,15325000.292,17966579.63141427,12683420.952585733,9243820.114,11137493.158322401,7350147.0696776
1291,15734657.418,18443932.296495736,13025382.539504262,12136886.184,14475346.349824399,9798426.018175602,15734657.418,18443932.296495736,13025382.539504262,9512784.748,11481500.509952903,7544068.986047096
1301,16096869.83,18807485.06573974,13386254.59426026,12403329.308,14770786.264636239,10035872.351363761,16096869.83,18807485.06573974,13386254.59426026,9451235.668,11413104.90184901,7489366.43415099
1311,15935089.372,18576703.514005322,13293475.229994677,12204101.038,14476485.862368159,9931716.213631842,15935089.372,18576703.514005322,13293475.229994677,9605947.882,11534865.351109555,7677030.412890444
1321,16326355.724,19012212.524700977,13640498.92329902,12826003.062,15231925.408878358,10420080.715121644,16326355.724,19012212.524700977,13640498.92329902,10119040.98,12138856.339903956,8099225.620096045
1331,15995565.388,18608889.643423706,13382241.132576294,12519807.604,14897595.045566296,10142020.162433704,15995565.388,18608889.643423706,13382241.132576294,9743442.856,11694419.396050844,7792466.315949157
1341,15487395.9,17935136.25736445,13039655.542635553,12333785.062,14619020.819632113,10048549.304367889,15487395.9,17935136.25736445,13039655.542635553,9714856.212,11720902.277338862,7708810.146661137
1351,16309456.9,18964956.43972016,13653957.36027984,12477362.762,14895430.96279899,10059294.56120101,16309456.9,18964956.43972016,13653957.36027984,9764177.266,11812098.782320352,7716255.749679649
1361,15857032.882,18517221.395578537,13196844.368421461,11910139.756,14254351.55306313,9565927.958936868,15857032.882,18517221.395578537,13196844.368421461,9508624.038,11504272.798610142,7512975.27738986
1371,15996256.952,18587118.40172667,13405395.502273329,12282963.336,14663191.404351074,9902735.267648924,15996256.952,18587118.40172667,13405395.502273329,9458639.26,11406399.100242566,7510879.419757434
1381,15879569.228,18540370.65736725,13218767.79863275,12434081.494,14898444.884247847,9969718.103752155,15879569.228,18540370.65736725,13218767.79863275,9411620.766,11357032.609992905,7466208.922007097
1391,15601251.492,18277006.635758847,12925496.348241154,12353417.87,14798353.301250245,9908482.438749753,15601251.492,18277006.635758847,12925496.348241154,9245393.55,11143874.093895623,7346913.006104378
1401,15694264.728,18369864.84074708,13018664.61525292,12162708.54,14542344.342874952,9783072.737125047,15694264.728,18369864.84074708,13018664.61525292,9104890.762,11007800.735320233,7201980.788679767
1411,15506905.454,18086320.85498743,12927490.053012569,11644566.336,13873507.229042888,9415625.44295711,15506905.454,18086320.85498743,12927490.053012569,8796083.574,10597950.749478225,6994216.3985217735
1421,15904678.432,18627560.135127723,13181796.728872279,12124293.268,14552286.106180862,9696300.429819137,15904678.432,18627560.135127723,13181796.728872279,9031241.788,11025943.882411053,7036539.693588948
1431,15260859.53,17865519.39486351,12656199.665136488,11882517.924,14256002.79443234,9509033.053567661,15260859.53,17865519.39486351,12656199.665136488,8421923.11,10230774.930217069,6613071.28978293
1441,15424327.644,18052386.70797397,12796268.58002603,12061446.208,14491609.555367844,9631282.860632157,15424327.644,18052386.70797397,12796268.58002603,8625207.666,10474669.479227087,6775745.852772912
1451,15857836.774,18631571.100715883,13084102.44728412,11825592.586,14306388.677595103,9344796.494404895,15857836.774,18631571.100715883,13084102.44728412,8616891.714,10431247.324734528,6802536.103265471
1461,15407048.906,18067093.637103073,12747004.174896926,11662413.764,14131134.059322912,9193693.468677089,15407048.906,18067093.637103073,12747004.174896926,8363969.246,10123836.638914894,6604101.853085106
1471,14986945.49,17477406.26248161,12496484.71751839,11471447.836,13779397.49678471,9163498.175215289,14986945.49,17477406.26248161,12496484.71751839,8545262.958,10328325.322622448,6762200.593377552
1481,15035470.516,17547608.50766406,12523332.524335943,11657411.504,14015403.123873334,9299419.884126667,15035470.516,17547608.50766406,12523332.524335943,8290003.14,10027890.399096416,6552115.880903583
1491,14871798.46,17301285.74919064,12442311.170809362,11484927.21,13699920.555580173,9269933.86441983,14871798.46,17301285.74919064,12442311.170809362,8046883.592,9679788.352106903,6413978.831893097
1501,15024182.76,17445293.96505883,12603071.55494117,11657737.308,13895590.251637524,9419884.364362476,15024182.76,17445293.96505883,12603071.55494117,8384767.946,10139192.850979855,6630343.041020146
1511,14797082.918,17209775.64963632,12384390.186363678,11537399.3,13730558.585968504,9344240.014031498,14797082.918,17209775.64963632,12384390.186363678,8388359.644,10150270.314896472,6626448.973103528
1521,15055866.306,17452313.07715039,12659419.534849612,11434763.394,13472732.337421874,9396794.450578125,15055866.306,17452313.07715039,12659419.534849612,8594641.666,10305403.81711451,6883879.514885489
1531,15484141.62,18089099.78614288,12879183.45385712,11858790.562,14112730.21787706,9604850.906122942,15484141.62,18089099.78614288,12879183.45385712,8563699.22,10319998.520069206,6807399.919930795
1541,15416986.61,18046989.65755631,12786983.562443689,11616582.472,13835898.924032222,9397266.019967776,15416986.61,18046989.65755631,12786983.562443689,8541705.868,10283447.86814616,6799963.867853841
1551,15327463.37,17990966.715995286,12663960.02400471,11307346.502,13432556.66129173,9182136.342708271,15327463.37,17990966.715995286,12663960.02400471,8395802.014,10125703.924221892,6665900.103778108
1561,14989989.904,17551709.915415734,12428269.892584264,11257732.57,13369314.430898085,9146150.709101915,14989989.904,17551709.915415734,12428269.892584264,8401766.816,10141546.04599097,6661987.586009029
1571,15076868.808,17721776.042026963,12431961.573973037,11290524.996,13441448.28528651,9139601.706713488,15076868.808,17721776.042026963,12431961.573973037,8214582.14,9914493.651162624,6514670.628837375
1581,14921358.898,17411760.59902066,12430957.196979342,11324704.54,13429392.709054258,9220016.37094574,14921358.898,17411760.59902066,12430957.196979342,7871462.37,9440628.861004189,6302295.878995812
1591,15148997.13,17714486.497153327,12583507.762846675,11665556.238,13803295.289664641,9527817.186335359,15148997.13,17714486.497153327,12583507.762846675,8279829.57,9924485.855665123,6635173.284334877
1601,15127519.186,17633385.8723551,12621652.499644902,11575275.816,13658597.64768838,9491953.98431162,15127519.186,17633385.8723551,12621652.499644902,8041868.328,9681434.08201133,6402302.573988669
1611,15121042.232,17607407.677257538,12634676.786742464,11736268.314,13881662.066783376,9590874.561216623,15121042.232,17607407.677257538,12634676.786742464,8257862.95,9931378.53186271,6584347.368137291
1621,15586980.51,18112321.52697642,13061639.493023576,11797017.034,13928711.749569716,9665322.318430284,15586980.51,18112321.52697642,13061639.493023576,8316653.856,10069524.880238669,6563782.83176133
1631,15436314.898,18029174.673680153,12843455.122319845,11775866.422,13964324.077048313,9587408.766951688,15436314.898,18029174.673680153,12843455.122319845,8047166.258,9771395.748255722,6322936.767744279
1641,15772228.418,18419869.664541252,13124587.17145875,11857797.626,14105440.290410955,9610154.961589046,15772228.418,18419869.664541252,13124587.17145875,8323238.764,10147267.655804364,6499209.872195638
1651,15654903.054,18332149.562523514,12977656.545476485,11895922.472,14191867.670833323,9599977.273166675,15654903.054,18332149.562523514,12977656.545476485,8444455.896,10393246.320158318,6495665.471841681
1661,15602015.696,18298731.364442755,12905300.027557248,11780404.794,14100985.938976727,9459823.649023272,15602015.696,18298731.364442755,12905300.027557248,8168391.266,10044669.635126954,6292112.896873046
1671,15730538.33,18459455.809543263,13001620.850456737,11487007.102,13726845.732761037,9247168.471238963,15730538.33,18459455.809543263,13001620.850456737,8473695.2,10484167.995906191,6463222.404093808
1681,15594223.862,18281388.149943344,12907059.574056657,11225802.154,13402853.906741854,9048750.401258145,15594223.862,18281388.149943344,12907059.574056657,8284293.884,10192940.903967906,6375646.864032094
1691,15756606.31,18520350.028517466,12992862.591482535,11700077.118,13987295.546505233,9412858.689494768,15756606.31,18520350.028517466,12992862.591482535,8510837.286,10480607.534449048,6541067.037550952
1701,15144657.984,17713585.084438417,12575730.883561581,11187797.566,13294194.847445518,9081400.284554482,15144657.984,17713585.084438417,12575730.883561581,8171150.01,9988360.880896734,6353939.1391032655
1711,15006322.12,17609594.66105476,12403049.57894524,10966852.262,13062561.213749642,8871143.310250359,15006322.12,17609594.66105476,12403049.57894524,8269089.84,10097960.179101128,6440219.500898872
1721,14733309.662,17314391.859440323,12152227.464559678,10705333.294,12826544.780576952,8584121.807423048,14733309.662,17314391.859440323,12152227.464559678,8150603.278,10056654.006757002,6244552.549242998
1731,15032511.036,17750479.269911844,12314542.802088156,10706182.7,12932993.25193919,8479372.148060808,15032511.036,17750479.269911844,12314542.802088156,8162049.946,10087815.147408003,6236284.744591998
1741,14646419.44,17260966.079408184,12031872.800591817,10589424.554,12689109.973147387,8489739.134852612,14646419.44,17260966.079408184,12031872.800591817,8318775.796,10195519.450782154,6442032.1412178455
1751,15199926.796,17940517.869227882,12459335.722772118,11013375.354,13143211.429311397,8883539.278688604,15199926.796,17940517.869227882,12459335.722772118,8555737.588,10503585.64557053,6607889.53042947
1761,14736997.318,17374688.796195872,12099305.839804128,10394087.946,12394048.418007448,8394127.473992553,14736997.318,17374688.796195872,12099305.839804128,8377310.014,10298825.366653863,6455794.6613461375
1771,14911445.518,17515594.745116573,12307296.290883424,10762063.936,12818947.398985839,8705180.473014163,14911445.518,17515594.745116573,12307296.290883424,8667218.538,10638852.093837846,6695584.982162155
1781,15390315.272,18074677.388203558,12705953.155796442,11443555.962,13634089.408441545,9253022.515558453,15390315.272,18074677.388203558,12705953.155796442,8836098.412,10862705.758597298,6809491.065402704
1791,15123322.368,17748406.011109836,12498238.724890165,11434387.182,13640627.179436533,9228147.184563467,15123322.368,17748406.011109836,12498238.724890165,8869787.366,10876863.615490727,6862711.116509273
1801,14893751.79,17455550.614635877,12331952.965364123,11448162.706,13652811.871569566,9243513.540430434,14893751.79,17455550.614635877,12331952.965364123,8947095.434,10987298.821199933,6906892.046800067
1811,15043761.42,17617256.98207653,12470265.85792347,11568855.072,13822566.677050482,9315143.466949519,15043761.42,17617256.98207653,12470265.85792347,9055941.368,11142829.20724843,6969053.52875157
1821,14682068.826,17134860.72646783,12229276.92553217,11605019.166,13810167.554257372,9399870.777742626,14682068.826,17134860.72646783,12229276.92553217,8836923.076,10815666.429671803,6858179.722328195
1831,15494522.666,18071571.530894246,12917473.801105753,11917231.712,14198799.000245716,9635664.423754282,15494522.666,18071571.530894246,12917473.801105753,9024869.286,11064729.97342056,6985008.598579439
1841,15414181.876,17944235.23725702,12884128.514742982,12259773.622,14608399.943608077,9911147.300391922,15414181.876,17944235.23725702,12884128.514742982,8868797.016,10854053.786557376,6883540.245442624
1851,15439781.378,18019342.361963917,12860220.394036083,11813835.362,14183199.851114351,9444470.872885648,15439781.378,18019342.361963917,12860220.394036083,9049958.142,11065045.496233251,7034870.787766751
1861,15891745.432,18504613.300591026,13278877.563408975,11662598.286,13971388.272143746,9353808.299856255,15891745.432,18504613.300591026,13278877.563408975,9245725.726,11232772.14565686,7258679.30634314
1871,16094975.996,18710700.00353311,13479251.988466889,11448905.464,13740720.258914534,9157090.669085465,16094975.996,18710700.00353311,13479251.988466889,9206685.662,11218662.700218672,7194708.623781329
1881,16477259.748,19169015.677497685,13785503.818502314,11633935.696,13955821.49311271,9312049.898887292,16477259.748,19169015.677497685,13785503.818502314,9222821.536,11263476.35995775,7182166.71204225
1891,16406721.77,19072900.798128814,13740542.741871186,11655071.572,13992158.289394107,9317984.854605895,16406721.77,19072900.798128814,13740542.741871186,9281617.946,11351624.080953704,7211611.811046298
1901,17091951.946,19946776.71445699,14237127.177543007,12284645.158,14817208.00518031,9752082.31081969,17091951.946,19946776.71445699,14237127.177543007,9558656.858,11648877.124909872,7468436.591090126
1911,17145486.032,20139022.656176217,14151949.407823784,12362382.614,15001600.843803257,9723164.384196743,17145486.032,20139022.656176217,14151949.407823784,9621992.848,11805974.68238159,7438011.013618408
1921,16840388.448,19631410.137082838,14049366.758917158,11606907.438,13952331.282390662,9261483.593609337,16840388.448,19631410.137082838,14049366.758917158,9227528.94,11233083.671382826,7221974.208617173
1931,16702751.286,19378414.70748209,14027087.86451791,11406451.088,13660850.543640148,9152051.632359851,16702751.286,19378414.70748209,14027087.86451791,9196716.668,11170645.4622963,7222787.8737037
1941,16789571.148,19456171.505333565,14122970.790666431,11416367.238,13566912.710233027,9265821.765766973,16789571.148,19456171.505333565,14122970.790666431,9010257.65,10943310.92728973,7077204.372710271
1951,16971855.868,19673171.25469456,14270540.48130544,11501892.374,13672032.285915054,9331752.462084945,16971855.868,19673171.25469456,14270540.48130544,9269906.614,11281372.990941923,7258440.237058078
1961,16723840.48,19390484.89078231,14057196.069217691,11632695.882,13842350.558234822,9423041.205765177,16723840.48,19390484.89078231,14057196.069217691,9435854.334,11515190.890108941,7356517.77789106
1971,16420746.814,19094742.908044644,13746750.719955353,11876270.38,14150830.154312475,9601710.605687527,16420746.814,19094742.908044644,13746750.719955353,9530779.9,11579441.557302907,7482118.242697095
1981,16761634.012,19443326.64781019,14079941.376189807,11957308.798,14210137.655714449,9704479.940285552,16761634.012,19443326.64781019,14079941.376189807,9459039.882,11460085.17146964,7457994.592530359
1991,17068109.794,19840174.693002354,14296044.894997645,12097064.886,14401371.471497515,9792758.300502485,17068109.794,19840174.693002354,14296044.894997645,9560991.314,11581990.202832168,7539992.425167831
2000,16457294.166,19183140.227667112,13731448.104332888,12097298.948,14467227.676014978,9727370.219985023,16457294.166,19183140.227667112,13731448.104332888,9345429.016,11384914.08489024,7305943.947109761
