x,meanNoByzantine,upNoByzantine,lowNoByzantine
1,495849.66,771506.0892112111,220193.23078878887
11,747444.5,1313089.8430874106,181799.15691258945
21,1057771.95,1642182.6927833655,473361.2072166344
31,1115458.8,1752905.1925966328,478012.40740336734
41,1327364.02,2096917.525465669,557810.5145343308
51,1807792.14,2810547.0286070216,805037.2513929782
61,2162674.63,3424695.3931400096,900653.8668599899
71,2127769.05,3259456.74878507,996081.3512149293
81,2238859.99,3383371.7881323076,1094348.1918676929
91,2355150.71,3534962.1779180192,1175339.2420819807
101,2612644.87,4003518.302819034,1221771.4371809664
111,2669573.27,4092961.364207081,1246185.175792919
121,2789474.73,4228385.54124041,1350563.9187595902
131,2515405.01,3693514.9296894213,1337295.090310578
141,2205044.66,3257970.066724603,1152119.253275397
151,2621535.56,3965813.841525377,1277257.2784746233
161,2335377.87,3498870.0579073178,1171885.6820926825
171,2537417.05,3707847.667255552,1366986.4327444476
181,2546152.12,3599143.151511212,1493161.088488788
191,2981578.67,4276868.28160527,1686289.0583947296
201,1127460.78,1723627.6932880688,531293.8667119313
211,887108.63,1380650.4775576137,393566.7824423862
221,802351.89,1266068.5198643391,338635.2601356609
231,982436.87,1603592.5684243524,361281.17157564743
241,1144756.06,1756804.4280803532,532707.6919196469
251,1265771.4,1919083.460795922,612459.3392040778
261,1493234.08,2290855.9906653687,695612.1693346312
271,1518247.9,2294774.207734316,741721.5922656836
281,1621142.64,2349559.9012115346,892725.3787884652
291,2299633.87,3299060.744184154,1300206.9958158464
301,2274969.78,3239655.5759246806,1310283.984075319
311,2365562.26,3339524.5235812003,1391599.996418799
321,2447679.47,3419102.1437302586,1476256.7962697416
331,2543764.07,3591190.0753979846,1496338.064602015
341,2767686.46,3950074.7388281883,1585298.1811718117
351,2676640.3,3833868.7014858136,1519411.8985141858
361,2834693.4,4077895.946676053,1591490.8533239465
371,2797342.51,4122682.273481815,1472002.7465181844
381,2182214.65,3188159.5956989937,1176269.7043010062
391,2679079.7,4023396.847945201,1334762.5520547994
401,2888140.34,4355286.863147328,1420993.8168526716
411,3166740.32,4593281.108005994,1740199.5319940057
421,3251056.49,4699444.852969114,1802668.1270308862
431,3209506.65,4644352.397531557,1774660.9024684431
441,3066860.37,4534296.453343235,1599424.2866567653
451,3271769.95,4933463.198845008,1610076.7011549925
461,3462448.14,5149821.142794953,1775075.1372050478
471,3183297.14,4722082.991570566,1644511.2884294344
481,2916362.7,4315579.669471932,1517145.7305280687
491,3052093.09,4576733.590515038,1527452.5894849615
501,2807235.45,4145042.1624355535,1469428.7375644469
511,2696701.31,3891358.033758791,1502044.586241209
521,2935928.34,4318184.282420225,1553672.3975797745
531,3034423.76,4685834.405201388,1383013.114798612
541,2493939.1,3860737.768522121,1127140.431477879
551,2423428.05,3681762.9559964007,1165093.144003599
561,3009503.64,4307472.204135913,1711535.0758640869
571,3627953.28,5302287.679151413,1953618.8808485863
581,3269677.47,4826124.36266173,1713230.5773382708
591,3324331.77,5106458.54801832,1542204.9919816793
601,2726606.23,4027031.9682962326,1426180.4917037673
611,3338316.39,5051712.845658778,1624919.9343412223
621,3180202.96,4843741.8480584975,1516664.0719415026
631,3276972.38,4702513.858974164,1851430.901025836
641,3118729.14,4757943.661251222,1479514.6187487785
651,3078192.07,4779584.333588181,1376799.8064118184
661,3346099.9,4888549.6776103815,1803650.1223896183
671,3044709.9,4582536.627839338,1506883.1721606613
681,2999922.56,4622010.342302984,1377834.777697017
691,2725344.61,4066175.107373126,1384514.112626874
701,2662679.94,3970010.269744425,1355349.610255575
711,2661461.6,3757401.4957649456,1565521.7042350546
721,2813499.74,3964661.6007566224,1662337.879243378
731,3261364.86,4869940.02034911,1652789.69965089
741,3400757.81,5075598.679691526,1725916.940308474
751,3739410.72,5563760.480876761,1915060.9591232403
761,2904505.96,4439534.853579778,1369477.0664202212
771,2808785.51,4149962.4576651487,1467608.562334851
781,2816520.81,4147110.2623005486,1485931.3576994515
791,2577970.82,3746741.7595876902,1409199.8804123092
801,3117571.29,4735609.246084465,1499533.3339155354
811,3145242.42,4532558.901170192,1757925.938829807
821,3221117.9,4834996.685912517,1607239.1140874831
831,3143044.43,4858292.06095974,1427796.7990402607
841,3365486.36,5114004.8940778505,1616967.8259221492
851,3447437.66,5345592.528447064,1549282.7915529367
861,3407029.59,4954565.042384969,1859494.1376150302
871,3368590.76,5173790.842916259,1563390.6770837407
881,3653059.75,6261329.3806317635,1044790.119368236
891,4236484.51,7358463.81275098,1114505.2072490193
901,4109206.26,7162070.672422266,1056341.8475777335
911,3974652.99,7008178.96265937,941127.0173406298
921,3550714.15,6192838.246885121,908590.053114879
931,3273522.25,5535773.461370458,1011271.0386295421
941,3700372.48,6400940.498218628,999804.4617813723
951,3530057.76,5656423.908457831,1403691.6115421695
961,3353490.6,5394979.77336105,1312001.4266389501
971,3409341.64,5589130.299184803,1229552.9808151973
981,3366779.42,5745693.9384176675,987864.9015823319
991,3577094.91,6578411.569055896,575778.2509441036
1001,3766809.16,6538995.766215444,994622.5537845562
1011,3689075.7,5936450.13114417,1441701.2688558307
1021,4172243.36,7554465.279504458,790021.4404955413
1031,4253614.18,7334906.861171256,1172321.4988287436
1041,4060048.64,7413872.237834084,706225.0421659164
1051,4063405.27,7378868.907115966,747941.6328840344
1061,3330652.92,5976335.106364279,684970.7336357208
1071,3234209.84,5516009.996204973,952409.6837950265
1081,2628049.82,4363720.0761192255,892379.5638807742
1091,2460762.77,3832659.5358022517,1088866.0041977486
1101,2737457.18,4432832.441954082,1042081.9180459187
1111,3347353.46,5625612.959906112,1069093.960093888
1121,2597697.57,4254303.176428093,941091.9635719075
1131,2925500.42,5259830.230369614,591170.6096303854
1141,2628845.43,4436254.341500339,821436.518499661
1151,2445609.52,3918736.1876501003,972482.8523498995
1161,2279644.59,3618394.6424857355,940894.5375142642
1171,2247635.07,3671047.993337068,824222.1466629319
1181,2129501.89,3253341.9761197446,1005661.8038802554
1191,2294528.13,3517750.5006179377,1071305.7593820621
1201,2143343.53,3338862.5563827897,947824.5036172098
1211,1760147.1,2706010.2148374794,814283.985162521
1221,2017189.12,3042762.5424791076,991615.6975208927
1231,1932418.25,3049008.8709010347,815827.6290989653
1241,2405081.17,3999576.78568221,810585.5543177901
1251,2589763.89,4267274.769529765,912253.0104702357
1261,2703476.43,4358174.411007737,1048778.4489922633
1271,2801488.6,4364088.1618863605,1238889.0381136395
1281,3002791.06,4969574.584419195,1036007.5355808055
1291,3331421.84,5471878.609524783,1190965.0704752174
1301,3010377.62,5097106.510839574,923648.7291604264
1311,2484028.97,3982640.6752073728,985417.2647926277
1321,2530522.52,4476361.3022439135,584683.7377560863
1331,2534980.32,4375398.625961233,694562.0140387667
1341,2728561.36,4934326.615435561,522796.1045644386
1351,2286010.03,4405520.848375468,166499.21162453247
1361,2091419.44,3891595.4895688687,291243.39043113124
1371,1826604.2,2967273.4207476303,685934.9792523694
1381,1809311.36,3035278.6000921284,583344.1199078718
1391,1618727.65,2736337.5842251615,501117.71577483835
1401,1771312.52,3069727.2841089396,472897.75589106046
1411,1811670.74,3402750.8193772715,220590.66062272876
1421,1969849.86,3501520.6239117086,438179.0960882916
1431,2347944.65,3953850.5955906017,742038.7044093979
1441,2205451.54,3827678.187676026,583224.892323974
1451,2091100.91,3612190.022263427,570011.797736573
1461,1916708.84,3368764.676459429,464653.00354057155
1471,2055735.98,3538495.0292626084,572976.9307373916
1481,1746711.36,2959713.2487540524,533709.4712459475
1491,2003552.62,3339812.116726782,667293.1232732183
1501,1373556.81,2357401.027443922,389712.59255607787
1511,1694947.52,2999788.122073354,390106.91792664607
1521,2235912.93,3826696.97480567,645128.8851943305
1531,2560907.13,4477258.609440019,644555.65055998
1541,2484420.61,4489193.372440379,479647.84755962016
1551,2051742.66,3560652.583521381,542832.7364786188
1561,2272423.34,4319237.015355687,225609.66464431328
1571,1991186.93,3575990.588067433,406383.271932567
1581,2097927.75,3727983.5995695107,467871.90043048956
1591,2081360.92,3977420.800676507,185301.03932349267
1601,1691134.93,3134027.4031386245,248242.45686137513
1611,1860554.32,3454040.4150043977,267068.2249956026
1621,1693518.57,3442018.7410067404,-54981.60100674024
1631,1694460.58,3701360.9753309567,-312439.8153309566
1641,1876824.1,4263655.949202625,-510007.7492026249
1651,2153438.45,4932540.998105636,-625664.0981056355
1661,1233057.36,2538289.9985080883,-72175.27850808832
1671,1406241.54,3155780.9861369655,-343297.9061369656
1681,1344434.5,2965669.1880273707,-276800.1880273705
1691,1623291.24,3951699.686114897,-705117.2061148968
1701,1491778.5,3130378.6157474588,-146821.61574745877
1711,1828939.73,3889356.6230036784,-231477.16300367867
1721,2047616.67,4605493.622407031,-510260.2824070314
1731,1539710.64,3293877.6995231863,-214456.41952318652
1741,1387366.76,2760406.170126482,14327.349873518338
1751,1462041.11,3110155.0380751006,-186072.81807510066
1761,1819879.2,3616716.824066364,23041.575933635468
1771,1524038.41,3556503.130594669,-508426.3105946693
1781,2128227.03,4590561.996513657,-334107.9365136572
1791,1865810.72,3851060.061014059,-119438.62101405929
1801,1603874.07,3646659.0327134943,-438910.89271349413
1811,1669971.85,3699691.85034902,-359748.1503490198
1821,1914652.53,4345716.08284442,-516411.0228444205
1831,2117924.92,4565150.269477533,-329300.4294775333
1841,2000997.56,4205868.560662279,-203873.44066227926
1851,1880218.26,4105870.082651387,-345433.5626513872
1861,2128536.28,4356131.442810472,-99058.88281047205
1871,1857644.85,3732065.971341933,-16776.27134193317
1881,2041378.04,3874470.40085074,208285.67914926028
1891,1951296.38,3703720.720774254,198872.0392257457
1901,2019101.51,3879408.3036204567,158794.71637954353
1911,1880803.26,3476776.7849823963,284829.7350176035
1921,1799039.9,3490792.5868455116,107287.21315448824
1931,1702424.33,3234374.0673794243,170474.59262057603
1941,1172210.35,2130206.164051757,214214.53594824276
1951,1076638.49,1894170.672502069,259106.30749793095
1961,1744053.65,3495053.5220902693,-6946.222090269672
1971,1840545.27,3568674.9471424157,112415.59285758436
1981,2308810.72,4234325.697151684,383295.7428483162
1991,2594689.33,4819278.492139511,370100.1678604898
2000,2600530.72,4685349.2161151,515712.22388490057
