x,meanNoByzantine,upNoByzantine,lowNoByzantine,meanAllObsAttacks,upAllObsAttacks,lowAllObsAttacks,meanCapacityLie,upCapacityLie,lowCapacityLie,meanDemandLie,upDemandLie,lowDemandLie,meanInterferenceLie,upInterferenceLie,lowInterferenceLie,meanObsNoise,upObsNoise,lowObsNoise,meanUserDirLie,upUserDirLie,lowUserDirLie
1,499842.94,781167.2138035041,218518.66619649593,499842.94,781167.2138035041,218518.66619649593,499842.94,781167.2138035041,218518.66619649593,499842.94,781167.2138035041,218518.66619649593,499842.94,781167.2138035041,218518.66619649593,499842.94,781167.2138035041,218518.66619649593,499842.94,781167.2138035041,218518.66619649593
11,1905988.96,3123986.127297027,687991.7927029731,1647338.74,2680632.2562546562,614045.2237453436,1904020.25,3119256.8692009808,688783.6307990192,1905592.29,3123313.96741773,687870.61258227,1905988.96,3123986.127297027,687991.7927029731,1480221.6,2421244.3293040055,539198.8706959947,1946108.04,3099166.5561591173,793049.5238408828
21,3008602.57,4638928.070993172,1378277.0690068274,2612039.27,4014257.9396007545,1209820.6003992457,2951883.38,4561332.487948867,1342434.2720511337,3009166.66,4639500.80124823,1378832.5187517705,3008602.57,4638928.070993172,1378277.0690068274,2451680.73,3817538.496974196,1085822.9630258041,3062273.31,4606577.02662098,1517969.5933790195
31,3748364.39,5482599.06234889,2014129.7176511104,2893154.28,4482703.753325453,1303604.8066745466,3381396.81,4989225.217567172,1773568.4024328287,3747822.36,5481324.3400263395,2014320.3799736605,3748364.39,5482599.06234889,2014129.7176511104,2537685.32,3960238.4273264296,1115132.2126735703,2892326.6,4487826.249018574,1296826.950981426
41,4680633.56,6649053.0853837505,2712214.034616248,2843404.13,4310261.531255592,1376546.7287444077,4191976.53,5994817.663048253,2389135.396951746,4680463.73,6651717.768240791,2709209.6917592096,4680633.56,6649053.0853837505,2712214.034616248,3022507.31,4547694.786013916,1497319.833986084,3419873.88,4995027.411741849,1844720.348258151
51,5212163.57,7558199.821348302,2866127.318651699,3529989.97,5525579.351662222,1534400.5883377786,4856867.1,7081408.598446405,2632325.601553594,5200892.6,7550461.866262837,2851323.333737162,5212163.57,7558199.821348302,2866127.318651699,4041987.13,6172476.279666012,1911497.9803339876,4055083.47,6146144.517308451,1964022.4226915492
61,5912787.43,8602637.991262544,3222936.8687374564,3778382.1,6164952.958995162,1391811.241004839,6152184.48,8842772.252161473,3461596.7078385283,5931223.45,8619846.93020361,3242599.9697963903,5912787.43,8602637.991262544,3222936.8687374564,4662342.99,7191102.6649070885,2133583.3150929124,4744242.66,7176443.902302389,2312041.4176976113
71,5956710.77,8605517.468012813,3307904.0719871847,3966054.96,6261948.644743291,1670161.2752567092,5918186.07,8498572.769399565,3337799.3706004363,5953529.67,8603588.031151453,3303471.3088485473,5956710.77,8605517.468012813,3307904.0719871847,4817616.13,7372451.646513527,2262780.6134864725,4722850.6,7107393.734602656,2338307.465397343
81,6237394.41,8983000.253989153,3491788.566010848,4510529.09,7071477.233376248,1949580.946623752,6581868.26,9425857.044527404,3737879.4754725946,6248472.54,8994434.897195159,3502510.182804842,6237394.41,8983000.253989153,3491788.566010848,5497773.99,8294466.9167607045,2701081.063239296,4562023.86,6974117.862887157,2149929.8571128435
91,6774390.49,9156387.432744049,4392393.547255953,4436524.37,6411209.845393708,2461838.8946062927,6729615.47,9109717.007493198,4349513.932506802,6772974.58,9155504.4565235,4390444.703476499,6774390.49,9156387.432744049,4392393.547255953,5682228.4,8089084.441464945,3275372.358535056,5178971.12,7184662.566537,3173279.6734630005
101,7448133.02,10101841.828641508,4794424.21135849,5249571.19,7584274.685034394,2914867.694965606,7607273.68,10313256.77445798,4901290.5855420185,7475646.01,10138539.489939963,4812752.530060036,7448133.02,10101841.828641508,4794424.21135849,6033187.9,8575991.066901635,3490384.7330983654,5874813.63,8066765.858293029,3682861.401706971
111,7434694.52,10265391.427388929,4603997.612611071,5183888.58,7563878.48320174,2803898.6767982603,7754443.3,10657696.044722859,4851190.555277141,7443034.57,10291058.533839498,4595010.606160502,7434694.52,10265391.427388929,4603997.612611071,6493992.04,9360391.949493805,3627592.1305061956,6117111.44,8578494.842878785,3655728.037121215
121,8651908.56,11895755.59717729,5408061.522822712,5892656.25,8525649.540287364,3259662.9597126353,8567871.14,11866585.030846883,5269157.249153119,8737936.16,11991158.881678041,5484713.438321959,8651908.56,11895755.59717729,5408061.522822712,6832381.4,9995411.038051266,3669351.7619487345,6241398.97,8724197.872268295,3758600.0677317046
131,9886065.81,13786997.119633056,5985134.500366944,6673183.54,9878820.424421493,3467546.655578507,9697701.86,13483943.818991803,5911459.901008197,9934519.15,13843227.139283344,6025811.160716657,9886065.81,13786997.119633056,5985134.500366944,8002304.28,11787077.259359656,4217531.300640345,7281808.74,10341952.640308999,4221664.839691003
141,8164449.37,12133395.37692482,4195503.36307518,6387665.96,9824450.079813268,2950881.840186732,8441603.43,12354160.98428863,4529045.875711369,8175038.5,12132202.488475166,4217874.511524835,8164449.37,12133395.37692482,4195503.36307518,7732426.62,11668079.561895344,3796773.6781046554,6844666.5,10210245.782014515,3479087.2179854857
151,8327574.04,12224007.43513327,4431140.644866729,6395850.66,9772693.152649183,3019008.1673508175,8869292.75,12705458.768986162,5033126.731013839,8310007.18,12200797.198599812,4419217.161400189,8327574.04,12224007.43513327,4431140.644866729,7749352.02,11558251.584317857,3940452.455682142,6821012.27,10313373.082946626,3328651.457053372
161,8526237.77,12402395.129837612,4650080.410162387,6494454.16,9935063.474570876,3053844.845429124,9189613.18,13076703.539940014,5302522.820059984,8546117.34,12425607.92870627,4666626.751293731,8526237.77,12402395.129837612,4650080.410162387,8405872.3,12479042.209897669,4332702.390102332,7182650.84,10692448.781316614,3672852.8986833864
171,8591375.09,12324314.952709617,4858435.227290383,6795443.63,10086143.822010221,3504743.437989779,9143217.46,12780141.005123451,5506293.91487655,8628600.74,12381142.770481758,4876058.709518244,8591375.09,12324314.952709617,4858435.227290383,8138665.4,11819894.647707872,4457436.152292128,7105935.66,10474544.03288679,3737327.2871132107
181,8939747.98,12847728.04100262,5031767.918997382,6674489.72,9916993.963459266,3431985.476540733,9101175.37,12804917.213926293,5397433.526073705,8955525.84,12875602.117584523,5035449.562415477,8939747.98,12847728.04100262,5031767.918997382,8419729.8,12293692.822796777,4545766.7772032255,7102008.26,10563245.046592394,3640771.4734076057
191,10373292.67,14861367.581970112,5885217.758029887,8184725.16,12155958.796210188,4213491.523789813,10209114.26,14549599.931347255,5868628.588652746,10350775.18,14837168.783504065,5864381.576495935,10373292.67,14861367.581970112,5885217.758029887,9284009.73,13495167.44336328,5072852.016636723,8577464.78,12739871.11430071,4415058.4456992885
201,4316975.65,6642532.525032524,1991418.7749674763,2736051.84,4324291.38651488,1147812.2934851202,4035828.81,6331198.028891686,1740459.5911083138,4295192.32,6621416.615679765,1968968.024320235,4318314.28,6643656.185637367,1992972.3743626336,3641117.26,5723756.592676864,1558477.9273231358,3151424.02,4974453.549591446,1328394.4904085533
211,4367060.9,6693559.334425206,2040562.4655747944,3215658.48,4896323.118989692,1534993.8410103081,4250769.94,6414605.075123695,2086934.804876306,4359418.11,6680639.811528177,2038196.4084718237,4351263.82,6673599.727937199,2028927.9120628014,3220376.54,4845876.296513667,1594876.7834863332,3626101.7,5349323.5562822465,1902879.8437177544
221,4748231.46,7071471.700421735,2424991.219578265,3550415.38,5171875.128973379,1928955.631026621,4580983.84,6698520.524588255,2463447.155411745,4834136.48,7184759.085469448,2483513.874530553,4744764.24,7068478.594145528,2421049.8858544724,3950049.93,5839791.482096683,2060308.3779033166,3964862.63,5839928.9257804975,2089796.3342195025
231,5251327.45,7384272.8945141975,3118382.0054858034,3793330.79,5502845.614159866,2083815.9658401338,5212893.86,7288851.991339831,3136935.72866017,5259870.3,7398317.9352035355,3121422.664796464,5191252.6,7309374.554804283,3073130.645195716,4654290.16,6660815.269123893,2647765.0508761075,4436614.86,6223970.710888745,2649259.0091112554
241,6164264.34,8928284.404110359,3400244.275889641,4516523.93,6752677.650427172,2280370.209572828,6475731.83,9270672.60401396,3680791.0559860384,5960036.14,8606026.931232085,3314045.348767914,6153353.46,8923254.74907768,3383452.17092232,5566468.72,7997984.725992795,3134952.7140072044,5826781.87,8571981.046353398,3081582.693646602
251,5614749.33,8003387.73663648,3226110.9233635203,4085688.45,5850148.051197782,2321228.848802218,6223606.4,8816116.788227566,3631096.011772434,5344571.37,7572711.431936188,3116431.3080638126,5671627.29,8070798.618968457,3272455.9610315426,5359326.07,7634113.101990579,3084539.038009422,4684206.28,7039001.076859539,2329411.483140461
261,6780676.33,9786444.445008472,3774908.214991529,5494781.98,8106063.9542904105,2883500.00570959,6904446.04,9998784.093587335,3810107.986412665,6604659.46,9593607.121617679,3615711.798382322,6719171.41,9717641.966721334,3720700.853278666,5596756.45,8116289.641486758,3077223.2585132425,5288676.47,7940688.629965513,2636664.3100344865
271,5919746.16,8326669.524452326,3512822.7955476744,4274565.91,6004446.40696955,2544685.41303045,5659147.62,8029105.529505142,3289189.710494858,5438021.65,7715279.9676211495,3160763.3323788512,5935912.52,8352480.220976394,3519344.819023605,5214019.34,7402312.773670464,3025725.906329536,5309619.14,8097346.642421035,2521891.6375789647
281,6408755.78,9588741.184213784,3228770.375786217,5774494.97,8877750.32826216,2671239.61173784,6333636.04,9464474.032993853,3202798.047006146,6285346.03,9427286.69335366,3143405.3666463397,6208373.28,9320448.218586361,3096298.3414136395,6269170.26,9493941.583844353,3044398.9361556466,6248155.64,9299348.837767763,3196962.4422322363
291,7421566.59,10785185.407645876,4057947.7723541246,6313785.84,9304513.133092873,3323058.546907128,7741419.27,11063953.020761244,4418885.519238756,7351357.24,10694069.626456346,4008644.853543655,7295617.23,10617975.56707323,3973258.8929267707,6606457.75,9478803.804954585,3734111.6950454153,7193340.58,10363619.194036273,4023061.965963727
301,7507190.75,10823313.155028125,4191068.3449718747,5714188.2,8218538.973132569,3209837.4268674315,7691502.78,10946122.023182064,4436883.536817936,7484666.23,10796838.078747984,4172494.3812520173,7548979.55,10937514.84828706,4160444.251712939,6596133.59,8939919.927363781,4252347.252636218,6601769.02,9411373.351138486,3792164.6888615135
311,7828103.9,10992699.079253715,4663508.720746286,7190621.73,10270937.354825836,4110306.1051741643,8587724.61,11913677.680248065,5261771.539751934,7639762.17,10763601.36482445,4515922.97517555,7677530.55,10817188.67411053,4537872.42588947,7718072.67,10439614.489690844,4996530.850309155,7355846.84,10460890.488171007,4250803.191828991
321,8347244.57,11912924.253136996,4781564.8868630035,7065618.9,9981573.386301413,4149664.413698587,9106136.89,12766364.266909894,5445909.5130901085,8498217.32,12129693.191021537,4866741.448978463,8527823.62,12150296.279215772,4905350.960784227,8483630.67,11224736.861917168,5742524.478082833,7766693.02,10900280.93653734,4633105.103462659
331,7850312.16,11442382.273632104,4258242.046367897,7054923.33,10057866.861325223,4051979.7986747776,8799549.98,12465173.922343493,5133926.037656509,7844687.9,11439326.947433304,4250048.852566696,7893619.57,11486072.338168552,4301166.801831448,8704750.73,12026619.413141921,5382882.046858081,7259680.09,10406563.94894643,4112796.2310535708
341,8195949.75,11924070.437653229,4467829.06234677,7665832.74,11259004.051777143,4072661.428222857,8607737.02,12435328.507762779,4780145.532237221,8124235.06,11841079.003782544,4407391.116217455,8018062.8,11734519.86667594,4301605.733324061,8388673.71,11868439.639729703,4908907.780270299,8171658.28,11766754.859274808,4576561.700725192
351,8206123.48,11974364.905120956,4437882.054879045,7631778.45,10858508.078113247,4405048.821886755,8855360.54,12759339.346403655,4951381.7335963445,8078279.42,11820236.939593364,4336321.900406635,8251279.48,12023125.030244336,4479433.929755666,9208382.92,12790853.28871638,5625912.551283621,7725314.36,11068709.818843722,4381918.901156279
361,8857456.79,12780267.418960385,4934646.161039614,8587803.39,12464140.652287036,4711466.127712965,9559819.17,13617373.757742232,5502264.582257768,8771145.44,12687279.397428717,4855011.482571281,8882329.95,12804246.88750703,4960413.012492968,10781034.16,14713909.822117716,6848158.497882284,8852647.54,12730492.148431048,4974802.9315689495
371,8350609.28,11744803.709060214,4956414.850939786,7771212.29,10860029.42532369,4682395.154676311,9385994.06,12910442.752182785,5861545.367817216,8379356.84,11779662.108122218,4979051.57187778,8358414.75,11754001.267160982,4962828.232839019,10032744.57,13510598.211046502,6554890.9289534995,8389474.12,11698705.369408425,5080242.870591574
381,7358866.73,10520388.940749574,4197344.5192504255,6530764.25,9503276.585696453,3558251.9143035463,8625085.36,11999166.524281947,5251004.195718052,7414145.84,10593226.78400552,4235064.895994479,7380362.8,10542475.975529278,4218249.624470722,8165890.94,11371371.871303104,4960410.008696897,7620630.2,10756245.22012052,4485015.179879481
391,8334310.44,11699750.04602205,4968870.833977952,7482390.14,10751153.88598799,4213626.39401201,9690340.42,13194858.385682773,6185822.454317228,8328886.08,11708954.199502626,4948817.960497374,8306222.51,11666183.975583635,4946261.044416364,9462430.39,13041322.869482527,5883537.910517475,8832597.04,12216359.48629015,5448834.593709848
401,9489295.8,13496430.402630758,5482161.197369244,8109270.08,11945872.886648364,4272667.273351636,10927560.83,15353349.380993798,6501772.279006201,9430212.92,13448173.711946156,5412252.128053844,9380883.89,13392939.988847524,5368827.791152478,10466583.66,14668098.70032699,6265068.619673011,9325999.28,13251110.575443435,5400887.984556564
411,9616137.37,13640631.121946566,5591643.618053433,7752172.34,11489311.800099723,4015032.8799002767,11407354.99,15895926.855836844,6918783.124163156,9533433.05,13564698.80646687,5502167.2935331315,9627813.12,13656904.07644713,5598722.163552868,10417764.96,14567111.978360895,6268417.941639108,9094030.18,12881678.700172447,5306381.659827554
421,10044959.64,13955600.222068159,6134319.057931842,8348707.37,12100361.940024959,4597052.799975041,12882538.11,17694331.152215682,8070745.067784319,9838233.79,13761889.822673395,5914577.757326602,9978477.3,13879543.230843898,6077411.369156104,10752290.4,15005942.775293455,6498638.024706546,9730262.08,13644858.102131113,5815666.057868888
431,9856997.25,14013723.17153418,5700271.328465819,7800178.67,11641978.229231976,3958379.110768023,11891264.43,16580722.753558772,7201806.106441228,9534840.71,13669514.227022164,5400167.192977839,9806888.98,13956981.232648645,5656796.727351357,10831384.05,15223120.663670275,6439647.436329727,9238408.41,13221140.21190569,5255676.60809431
441,10238562.98,14970595.54246673,5506530.417533271,7726734.12,11885648.70526557,3567819.53473443,11743930.98,16954308.692487173,6533553.267512828,9876545.31,14583625.100938644,5169465.519061357,10172563.34,14893799.555186862,5451327.124813138,10721535.0,15419914.478297926,6023155.521702073,8960186.67,13316649.20650931,4603724.133490688
451,10419547.72,15052688.125901176,5786407.314098826,8427866.04,12825515.641089838,4030216.43891016,12593942.6,18136396.194542162,7051489.005457839,10065798.8,14687635.43358189,5443962.166418111,10367202.38,14992692.355460066,5741712.404539936,10735621.15,15457867.363065958,6013374.936934043,9734755.05,14284814.752723603,5184695.347276399
461,10122875.06,14269323.05687512,5976427.063124881,8536796.96,12569505.039732466,4504088.880267536,12896210.74,18380293.07892865,7412128.401071349,9782074.66,13895863.302714642,5668286.017285358,10173620.46,14309748.882471371,6037492.03752863,10699501.6,15088149.585991628,6310853.614008371,9628892.15,14002876.539804503,5254907.760195497
471,10883785.63,15324007.032961402,6443564.227038599,8786668.29,13057605.406946365,4515731.173053634,13388377.15,18964135.732354786,7812618.567645215,10504895.96,14934734.672027793,6075057.247972208,10828477.05,15258562.555440126,6398391.5445598755,10797209.04,15395017.294098308,6199400.78590169,10052426.87,14486486.573243797,5618367.166756202
481,10911513.75,15492857.375891004,6330170.124108996,8534957.82,12932166.13172152,4137749.50827848,12101751.99,17137310.71784458,7066193.26215542,10536086.71,15086251.749358915,5985921.670641086,11053812.47,15641532.943594612,6466091.996405389,10526508.38,15145857.714103788,5907159.0458962135,10784630.47,15389566.402348366,6179694.537651635
491,11127732.74,15501608.192739304,6753857.287260697,8029939.02,11734043.544180902,4325834.495819097,11640580.89,16287237.61562793,6993924.164372073,10614703.05,14914924.539695207,6314481.560304794,11178099.31,15540290.980466925,6815907.639533077,10226537.92,14438628.021189388,6014447.818810612,11152420.67,15560291.099215806,6744550.240784194
501,11025690.9,15399632.966155022,6651748.833844978,7828497.02,10737996.915081754,4918997.124918246,11828769.23,16682273.19889095,6975265.26110905,10589107.49,14918518.47414158,6259696.505858422,11172843.0,15577800.482038595,6767885.517961405,9997515.82,14318665.625210328,5676366.014789673,10730669.24,15136961.131161314,6324377.348838688
511,11175782.65,15700691.265253924,6650874.034746078,8779363.59,12058749.107024506,5499978.072975494,12483412.47,17571386.07765482,7395438.862345181,10872870.18,15351523.086035924,6394217.273964075,11146357.43,15636292.898077095,6656421.9619229045,10686875.08,15244215.935438123,6129534.224561877,11125687.22,15906589.002195295,6344785.437804706
521,12139351.67,17229851.57618265,7048851.76381735,9586695.24,13364319.288237756,5809071.191762244,12763643.18,18114950.042836,7412336.317163999,11836343.27,16913683.149872903,6759003.390127097,12373955.51,17470245.562236387,7277665.457763612,11770118.52,16871099.432223663,6669137.607776337,11427352.33,16431933.198873606,6422771.4611263955
531,11613996.65,16319877.983609729,6908115.316390273,8395179.4,11461574.12199159,5328784.678008412,12066902.97,16937042.864672333,7196763.075327667,11201393.69,15893879.12701143,6508908.2529885685,11711615.89,16431963.91191525,6991267.86808475,9950235.24,13904750.675664503,5995719.804335497,10181061.06,14467995.64022165,5894126.479778351
541,11282624.82,16474914.99135251,6090334.648647491,8677305.4,12753922.250078157,4600688.549921843,11730901.1,16971000.91272322,6490801.287276777,10891694.24,16060109.658047419,5723278.821952581,11441144.96,16631986.115173537,6250303.8048264645,9332333.45,13360898.238377986,5303768.661622012,9811056.8,14504205.223597035,5117908.376402967
551,11980718.69,17082967.274249602,6878470.105750397,8670993.84,12063594.23797986,5278393.4420201415,11966663.44,17101220.67414493,6832106.205855068,11758800.42,16837814.5643716,6679786.275628397,12238752.14,17382018.663023792,7095485.616976209,10101674.58,14283169.243066879,5920179.916933121,10026668.37,14319039.048518468,5734297.691481532
561,10931353.05,15640305.172745138,6222400.927254862,9097275.16,12829666.860945228,5364883.459054773,10708928.31,15118135.344081607,6299721.275918394,10839284.71,15550356.526581239,6128212.893418764,11076367.78,15794767.075160624,6357968.484839374,9809827.01,13614539.970632918,6005114.049367081,9703199.31,13830148.42031474,5576250.199685262
571,12116194.68,17616808.27711028,6615581.082889722,8495584.14,11353289.27253193,5637879.007468072,10797199.69,14268122.863281693,7326276.516718307,11824947.32,17302833.16404896,6347061.475951041,12112814.21,17605771.48386596,6619856.9361340385,10369577.33,14035454.017475028,6703700.6425249735,9223258.52,12484895.056222357,5961621.983777642
581,12069912.12,16935998.236926444,7203826.0030735545,8503649.55,11128835.968136542,5878463.131863459,11596330.26,16188268.186275769,7004392.3337242305,11970085.02,17038915.512908123,6901254.527091874,11917939.89,16770662.138309056,7065217.641690945,10265510.41,13769344.459231474,6761676.360768527,8973912.73,12322183.99706917,5625641.46293083
591,12783376.97,17972964.368670043,7593789.57132996,8245343.39,10848266.502882991,5642420.277117008,11341467.84,15313671.107278839,7369264.572721161,12599019.55,17842569.746199436,7355469.353800563,12672343.29,17912244.64568272,7432441.934317279,10597258.77,14113549.481235176,7080968.058764823,9243549.69,12654063.791071326,5833035.5889286725
601,11835813.33,16031303.284598317,7640323.375401683,8548899.27,11132124.863869669,5965673.67613033,11063051.24,14695840.834376447,7430261.645623554,11800998.7,16001393.768706419,7600603.63129358,11915962.5,16136660.19526381,7695264.8047361905,10574752.32,13960169.231328689,7189335.408671312,9153545.59,12132474.568107467,6174616.611892532
611,12827214.37,17700257.903529115,7954170.8364708815,9711415.38,12571698.846899498,6851131.913100504,12504402.48,17092600.16798728,7916204.792012723,12596290.04,17452884.143159673,7739695.936840326,12956416.39,17827283.34273904,8085549.437260963,11237409.85,15009587.511271205,7465232.188728794,10021233.32,13505510.934237305,6536955.7057626955
621,13027504.33,17356069.219733648,8698939.440266352,9811095.04,12854791.235735666,6767398.844264331,12861312.36,17462800.29899308,8259824.421006916,12814261.23,17139345.876705717,8489176.583294284,13331319.77,17688265.44964714,8974374.09035286,11935825.51,15563387.810903389,8308263.209096611,10669083.33,13984040.665647654,7354125.994352346
631,13030063.17,17294764.58954845,8765361.75045155,10578069.53,14122465.766879313,7033673.293120687,13263809.25,17766374.169394538,8761244.33060546,12759322.31,17062198.905004557,8456445.714995444,13081984.13,17354961.62082548,8809006.639174521,11411007.06,14918117.156014686,7903896.963985315,10250041.88,13551329.75389055,6948754.006109452
641,12878626.65,16930711.249971528,8826542.050028473,10204808.41,13634976.48481298,6774640.33518702,14015994.78,19163683.679787926,8868305.880212072,12614097.63,16656159.957307458,8572035.302692544,12995521.62,17048575.56386628,8942467.676133718,11290727.68,14729946.988930488,7851508.371069511,11304910.13,14807871.403611898,7801948.856388104
651,12015228.28,15752785.420627441,8277671.139372557,10151072.82,13313369.242030201,6988776.397969799,12206403.54,16099570.041316062,8313237.038683936,11630084.44,15325445.50461844,7934723.37538156,12249337.87,16006230.644585297,8492445.095414702,10258247.55,13417660.837818244,7098834.262181757,10697533.15,14057920.383500509,7337145.916499493
661,12472343.26,16501865.537498115,8442820.982501885,10423697.37,14049422.235063873,6797972.504936125,13190866.87,17524068.192722246,8857665.54727775,12441208.15,16469081.082163889,8413335.217836112,12679724.83,16716254.595563136,8643195.064436864,11274129.45,14864098.226149876,7684160.673850123,10912440.72,14617278.892376304,7207602.547623698
671,12550799.97,16566365.53084353,8535234.409156471,9170037.82,12292266.085427657,6047809.554572345,12978749.05,16861442.46879491,9096055.631205093,12360394.89,16323584.995336154,8397204.784663847,12623107.11,16599848.48456726,8646365.735432738,10120529.96,13313050.934129428,6928008.985870574,10550825.08,14068598.909920484,7033051.250079517
681,11495921.0,15230464.248876946,7761377.751123054,8905564.88,12091201.349821355,5719928.410178647,12005023.31,15851791.87283785,8158254.74716215,11584295.13,15339529.538176917,7829060.721823086,11752758.0,15504315.90831973,8001200.091680271,9297408.05,12428482.460953068,6166333.639046933,9773658.31,13081387.5230151,6465929.0969849
691,11805496.86,15507070.233484227,8103923.4865157725,7957032.95,10840689.202220283,5073376.697779717,11830679.96,15577893.365967982,8083466.55403202,11698664.1,15381791.930329874,8015536.269670125,12125236.3,15845176.704086345,8405295.895913657,8828922.5,11838231.477466175,5819613.522533825,9779465.25,13146724.804210607,6412205.695789394
701,11309366.16,14680852.669265008,7937879.650734993,7441609.17,10069493.248938397,4813725.091061603,11593483.16,15052779.137374733,8134187.182625268,11147413.04,14411664.001474388,7883162.07852561,11511586.11,14869391.184607947,8153781.035392052,9095658.89,11909789.883930044,6281527.896069957,9411186.96,12457272.980660222,6365100.93933978
711,11555249.78,14916816.086192563,8193683.4738074355,7858015.13,10572787.467274748,5143242.792725251,11869078.37,15316265.18005614,8421891.559943859,11251162.69,14565403.127623659,7936922.252376339,11730162.01,15081608.685367623,8378715.334632376,9514060.55,12606798.007000472,6421323.09299953,9708177.15,12867474.88883419,6548879.411165811
721,12397901.44,16146903.220263794,8648899.659736205,8464010.57,11616141.045262676,5311880.094737325,12169139.25,15711027.264452644,8627251.235547356,12033929.58,15697560.193825953,8370298.9661740465,12602087.2,16361402.31707662,8842772.082923379,10171744.25,13527993.973626407,6815494.526373593,10300056.53,13745285.515437873,6854827.544562126
731,11954512.31,15596534.870308489,8312489.7496915115,8184347.08,11031993.972878734,5336700.1871212665,12430174.2,16021150.763439227,8839197.636560772,11724359.29,15324583.314917665,8124135.265082332,12470115.79,16184310.559377,8755921.020622998,9880066.09,13038353.794335382,6721778.385664618,10706139.12,14098308.917882156,7313969.322117843
741,11250214.89,14801826.778153758,7698603.001846243,8762325.12,11889228.175915979,5635422.064084019,11197524.33,14823131.104682289,7571917.555317711,11020957.99,14523613.663452774,7518302.316547226,11448008.77,14979730.140056692,7916287.399943306,9055711.47,12092853.17627089,6018569.763729112,10340447.12,13818738.910452442,6862155.329547556
751,10668936.1,13908289.200756399,7429582.9992436,8490025.24,11275299.098114418,5704751.381885583,11189664.8,14629733.022068907,7749596.577931096,10581120.13,13809059.274588596,7353180.985411405,10640941.07,13836903.39041208,7444978.749587921,8623864.33,11431400.480138186,5816328.179861815,9797591.27,12959459.750339618,6635722.789660381
761,10226122.2,13440003.93849192,7012240.4615080785,8185007.9,10959061.521920161,5410954.278079839,10427194.32,13787161.062366933,7067227.577633067,10086224.94,13270001.641931336,6902448.2380686635,10231174.37,13436456.382086989,7025892.35791301,8836116.74,11769763.300572906,5902470.179427095,9502408.56,12527123.587796975,6477693.532203026
771,10973153.91,14208428.022243677,7737879.797756324,8076001.12,10793523.368591128,5358478.871408872,11347460.92,15177885.712647462,7517036.127352538,10671259.78,13870331.04354979,7472188.51645021,11021551.21,14238745.017104581,7804357.40289542,8854095.03,11815710.424787872,5892479.635212126,9736617.6,12770703.230355063,6702531.969644936
781,10393701.23,13350186.451154608,7437216.008845393,8197115.64,10808797.563219398,5585433.716780601,10676320.29,14100348.340455633,7252292.239544366,10082689.82,12997835.577738583,7167544.062261418,10549822.53,13509503.981484968,7590141.0785150295,9232578.05,12279138.401300848,6186017.698699153,9332732.85,12010924.6969038,6654541.003096199
791,10655045.1,13950722.132726684,7359368.067273315,7805662.67,10589891.664308254,5021433.675691745,11104833.67,14856792.490143571,7352874.84985643,10296377.11,13520622.417413417,7072131.802586581,10930519.6,14236468.807764933,7624570.392235067,8753129.88,11728566.112968259,5777693.647031743,9517038.77,12472576.12888088,6561501.411119119
801,10888369.58,14455680.588383343,7321058.571616658,8565714.71,11562976.914342118,5568452.505657883,11402060.57,15618485.053478606,7185636.086521394,10372214.68,13820275.784017181,6924153.575982818,11229254.03,14828281.60127592,7630226.458724079,8642874.08,11612812.43371321,5672935.726286789,9405870.58,12377578.031877577,6434163.128122423
811,10303610.62,13844560.607755672,6762660.632244326,8333467.01,11331845.202308988,5335088.817691011,11020365.24,15147746.496838175,6892983.983161825,9987085.08,13459367.145444658,6514803.0145553425,10452617.09,13981312.979273818,6923921.200726181,8701626.23,11791661.072243221,5611591.387756779,9323175.14,12370215.475829657,6276134.804170344
821,10383893.84,13647099.019933358,7120688.660066643,8280766.03,11051207.560295163,5510324.499704838,10553847.54,14053384.741573993,7054310.338426004,10340580.54,13548480.32554535,7132680.754454648,10343781.96,13593358.130112343,7094205.78988766,9021136.21,12000417.934550155,6041854.485449847,8829103.74,11632930.406537656,6025277.073462345
831,10222561.63,13479955.322314823,6965167.937685179,8411321.8,11214038.487875596,5608605.112124406,11655410.72,15608783.697857995,7702037.742142007,9920971.33,13083278.243087493,6758664.416912508,10074335.32,13269567.26941051,6879103.370589492,8844405.84,11673271.217439553,6015540.462560447,8840860.07,11568409.225384178,6113310.914615823
841,10999119.31,14533491.68484383,7464746.93515617,7811021.52,10538610.65604578,5083432.3839542195,11060004.03,14497774.948153045,7622233.111846955,10617827.87,14017593.90892449,7218061.831075508,10641265.22,14132998.436615104,7149532.0033848975,9547248.56,12603992.939483488,6490504.180516513,9038587.86,12083744.028802672,5993431.691197326
851,11800111.62,15649243.120200632,7950980.119799366,8635499.02,11562842.031276189,5708156.008723811,11172098.49,14577982.034544893,7766214.945455108,11214890.09,14925436.305126313,7504343.8748736875,11416704.48,15231958.251503952,7601450.708496049,9992605.45,13140472.149894197,6844738.750105803,9676744.19,12730180.544284645,6623307.835715353
861,11181111.44,14913150.127378207,7449072.752621792,9108830.09,12294147.450826861,5923512.729173139,12121660.36,16091686.278498394,8151634.441501604,10697499.36,14299548.567770725,7095450.152229274,10845837.73,14581935.15561663,7109740.30438337,9170847.86,11950107.550556231,6391588.1694437675,9237687.04,12188694.680293009,6286679.3997069895
871,9822282.83,13108829.034012683,6535736.625987317,8228290.65,11033179.186431887,5423402.113568114,10451923.26,14167199.058305342,6736647.461694659,9323028.39,12447700.819411533,6198355.960588468,9953607.21,13279259.681866985,6627954.738133018,8606323.64,11246678.75109819,5965968.528901811,8559905.39,11224828.331825547,5894982.448174455
881,10117651.74,14153533.004549388,6081770.475450613,8218049.22,11134980.951105641,5301117.488894358,11192903.04,15740361.636331638,6645444.44366836,10073679.23,14087659.495389001,6059698.964610999,10396125.05,14445083.797178108,6347166.302821892,9387822.65,12402179.276543166,6373466.023456833,8166007.89,10907236.681453872,5424779.098546127
891,10177496.96,14108032.905409886,6246961.014590116,7844192.61,10757158.47907456,4931226.740925441,11341236.64,16202107.546271496,6480365.733728505,9979191.47,13824684.024414327,6133698.915585673,10653466.74,14613031.733231105,6693901.746768896,9477198.05,12716397.342563042,6237998.757436959,8857387.61,12226117.81691154,5488657.403088458
901,10980437.04,15137636.418693282,6823237.6613067165,8310915.44,11408103.88376693,5213726.99623307,11547437.99,15699345.657535607,7395530.322464393,10906104.88,15058334.286228256,6753875.473771745,11480602.57,15679832.00901632,7281373.1309836805,9933855.21,13246878.117487941,6620832.30251206,8930289.66,12152452.504651062,5708126.815348938
911,10938377.53,14926079.057093574,6950676.002906425,8904347.36,11992156.811111663,5816537.908888337,11649695.02,16556581.063035186,6742808.976964814,10659732.84,14581638.880359776,6737826.799640224,11374417.69,15384252.951301934,7364582.428698065,9482720.07,12672261.360884923,6293178.779115077,8827557.68,12098340.533685835,5556774.826314164
921,11061224.56,15408139.154867878,6714309.965132123,8448517.67,11245243.290462181,5651792.049537819,11479942.63,15935720.20002554,7024165.059974462,10818648.09,15079277.504882874,6558018.675117126,11251976.99,15478404.370569337,7025549.609430663,9527742.47,12553308.289044803,6502176.650955198,8088245.58,11101636.857795378,5074854.302204622
931,11511498.16,15730961.131177723,7292035.188822278,9317633.45,12447160.883980833,6188106.016019165,11454865.18,15876897.313517915,7032833.046482084,10909124.34,14870684.178112851,6947564.501887148,11609056.91,15741398.625299923,7476715.194700077,10139536.24,13436653.547931079,6842418.932068921,8749023.85,12173640.388239965,5324407.311760034
941,11126661.79,15463427.419956777,6789896.16004322,9560997.36,13230015.471917965,5891979.248082033,10849395.62,15171947.791353751,6526843.448646247,10749442.68,14924888.30591166,6573997.054088339,11020239.49,15256449.082590409,6784029.897409591,11000199.6,14846360.469723215,7154038.730276784,9006301.45,12786303.556703793,5226299.343296206
951,11181719.82,15622221.588235606,6741218.051764396,9271538.33,12952178.115045603,5590898.544954397,10889691.64,15383501.239644052,6395882.040355949,10689673.91,14829112.52338368,6550235.2966163205,10792692.43,15116381.369817866,6469003.490182133,10378952.98,14234107.039351527,6523798.920648475,9359673.79,13464847.44853366,5254500.131466338
961,11349886.97,15666887.429071054,7032886.510928947,9149984.66,12689702.397329925,5610266.922670076,11698335.71,16236934.691559514,7159736.728440488,10977457.22,15053209.096405894,6901705.343594108,11127041.53,15230874.130490642,7023208.929509357,10412613.17,14137485.58757965,6687740.752420349,9210753.27,13044492.466981523,5377014.073018476
971,10328484.73,14081529.183898669,6575440.276101333,8290857.39,11278759.265901798,5302955.514098201,11940816.87,16892432.099095106,6989201.640904892,9991529.91,13492131.054284828,6490928.7657151725,10380225.64,14220067.933614317,6540383.346385684,10131187.61,13567379.79160697,6694995.428393028,9161198.62,12633253.240861814,5689143.999138184
981,10753334.47,14920909.545756087,6585759.394243915,7944163.11,10937335.31371839,4950990.906281611,10756986.18,15262631.418101909,6251340.941898091,10168105.48,13942782.004615463,6393428.955384537,10898664.87,15139283.071328763,6658046.668671236,9501489.28,12777057.760345055,6225920.799654944,8795071.63,12255675.695657942,5334467.56434206
991,11568623.67,16185294.114631008,6951953.2253689915,8949699.07,12357871.426026482,5541526.7139735175,11181808.95,15632649.33289145,6730968.56710855,11273636.74,15703590.254464276,6843683.225535724,11411010.53,15910785.851596955,6911235.208403043,10690822.91,14189931.045475934,7191714.774524066,9668334.0,13374036.126758724,5962631.873241275
1001,11145739.48,15608576.17980055,6682902.780199451,8980148.54,12322696.909584874,5637600.170415124,11458612.87,16149938.558992676,6767287.181007322,11127876.22,15531599.434062127,6724153.005937875,11363762.81,15764285.888564104,6963239.731435897,10772263.17,14412827.137419187,7131699.202580814,9953627.35,13713205.79141527,6194048.908584728
1011,11158215.25,15520578.118019257,6795852.381980744,9853342.16,13285201.457211848,6421482.862788153,11545661.23,15927239.800190166,7164082.659809836,11273447.63,15611107.778986633,6935787.481013368,11530463.22,15938657.553864766,7122268.886135236,11244762.67,14941930.415903576,7547594.924096423,10301437.49,14032461.671745332,6570413.3082546685
1021,10672454.64,14987184.584983472,6357724.6950165285,10033250.31,13522496.798853926,6544003.821146076,10739185.56,15354542.669716822,6123828.450283179,10959800.51,15283107.295749431,6636493.724250568,10965836.81,15330226.360441271,6601447.259558731,11078844.68,14775547.015895905,7382142.344104094,9945201.77,13596371.572255151,6294031.967744848
1031,10250520.17,14552974.490454953,5948065.849545046,9862618.66,13311751.065987252,6413486.254012749,10944039.42,16169469.503686598,5718609.336313402,10582316.58,14890140.199751869,6274492.960248131,10559207.66,14902895.298480317,6215520.021519684,11526765.5,15321925.745615719,7731605.254384281,9362924.57,12874440.74891739,5851408.391082611
1041,10913209.65,15639403.158201013,6187016.141798988,10049559.95,13443189.358158778,6655930.541841219,12021553.66,18252881.183816105,5790226.136183894,11159248.38,15891123.053642802,6427373.7063572,11353313.82,16075460.827989481,6631166.812010519,11201620.97,14791437.321055897,7611804.618944105,9455089.12,13008639.539152313,5901538.700847685
1051,10930792.61,15675351.842534967,6186233.377465032,10956257.66,14844709.31294125,7067806.007058751,11660293.73,17355048.066777904,5965539.393222097,11203519.62,15975638.138917219,6431401.10108278,11365584.19,16156575.65602367,6574592.723976328,11924544.7,16150765.217574175,7698324.182425822,9943825.41,14036149.344029745,5851501.475970255
1061,11228544.49,15265114.862427015,7191974.117572985,10858446.15,14365524.448653154,7351367.851346847,11935171.04,17097618.277668603,6772723.802331394,11558868.92,15656967.556108892,7460770.283891109,11882555.08,16069366.27359479,7695743.886405211,11248066.91,14988908.221238486,7507225.598761514,9844753.62,13448823.987146452,6240683.252853546
1071,10893676.0,14759290.661568223,7028061.338431777,10439327.69,13859005.903483186,7019649.476516812,11932998.0,17270391.651780333,6595604.348219666,11201054.99,15114386.519663773,7287723.460336228,11673360.26,15708439.015181005,7638281.504818995,10569190.83,14061489.291414965,7076892.368585035,9700013.67,13213438.758202035,6186588.581797966
1081,9712548.67,13178497.129457695,6246600.210542304,9702497.99,12781857.964628408,6623138.015371593,11392075.7,15870598.045446504,6913553.3545534955,9902006.27,13396016.109538157,6407996.430461843,10476871.55,14119294.871661175,6834448.228338826,10269009.34,13535352.153147906,7002666.526852095,9062776.16,12094078.022521008,6031474.297478993
1091,9680657.93,13212266.126987474,6149049.733012525,9314089.83,12452584.734545821,6175594.925454179,11554929.46,15962332.15124214,7147526.768757862,9769373.03,13329251.904913405,6209494.155086594,10183497.38,13796142.200351268,6570852.5596487345,10370556.0,13709957.02991191,7031154.970088092,8866918.65,12016567.017879661,5717270.282120339
1101,10110742.61,13862198.99369564,6359286.226304359,9633806.45,12806265.577549545,6461347.322450453,12110674.46,17040908.66995135,7180440.25004865,10322792.52,14128792.521978144,6516792.518021856,10262291.6,14021868.861630056,6502714.338369943,11186642.64,14719304.102660172,7653981.177339829,9052476.63,12236269.809534177,5868683.4504658235
1111,9932700.09,13739930.36265673,6125469.81734327,9273545.24,12271561.363059469,6275529.116940532,11315699.6,16053112.59646197,6578286.603538029,10043819.06,13887199.666835645,6200438.453164356,10174454.71,14015332.511134692,6333576.908865309,11294560.95,14930752.849057632,7658369.050942367,8674389.46,11805037.6194277,5543741.300572303
1121,7961643.83,10733714.282547185,5189573.377452815,9272363.8,12218522.735742649,6326204.864257352,9907864.37,13789308.068852786,6026420.671147212,8223751.03,11082091.15755161,5365410.90244839,8139509.8,10949292.459803283,5329727.140196716,9528746.45,12556057.602523029,6501435.297476969,7656193.09,10392351.751149055,4920034.428850945
1131,9663037.3,13252425.892195879,6073648.707804123,9731993.79,13157667.817704875,6306319.762295124,11691788.8,16247023.836814944,7136553.763185059,9862963.04,13514472.780862156,6211453.299137841,9887132.21,13526168.865292117,6248095.554707886,11166034.13,14829358.525489887,7502709.734510114,8636954.49,11911063.802717384,5362845.177282617
1141,10012024.97,13622859.413544513,6401190.526455487,9876779.34,13323609.71810109,6429948.96189891,11396745.71,15493995.763426559,7299495.656573443,10416171.21,14225565.189221203,6606777.2307787975,10147552.48,13922416.0708733,6372688.889126701,10791473.27,14659460.030594906,6923486.509405093,8837620.83,12188618.262879243,5486623.397120757
1151,8787247.48,11834578.627536057,5739916.332463944,9187033.76,12260208.078933228,6113859.441066771,10916422.42,15093401.63243799,6739443.207562011,9252736.63,12412328.684542075,6093144.575457928,9168543.53,12457335.782974472,5879751.277025526,9455368.7,12652230.760646073,6258506.639353925,8179284.05,11174609.659872297,5183958.440127703
1161,8719089.9,11823715.809985776,5614463.990014226,9921424.51,13476980.996343873,6365868.023656126,9956626.57,13621142.975766234,6292110.164233767,8901803.99,12022510.80685861,5781097.173141391,9106164.36,12400802.617386457,5811526.102613543,9966542.45,13565677.19151146,6367407.70848854,8437016.16,11656696.765238527,5217335.554761473
1171,8538979.88,11725865.841041258,5352093.918958744,9549710.38,12854982.449899267,6244438.310100734,9497051.29,12917749.650153492,6076352.9298465075,8933198.68,12231711.982191816,5634685.3778081825,8956080.46,12286423.807256766,5625737.112743235,9793417.55,13240740.593022497,6346094.506977504,8463840.18,11693159.717320155,5234520.642679843
1181,8634010.19,11775667.30585042,5492353.074149579,9685960.2,12983064.404819377,6388855.995180622,9614329.61,12923706.72155055,6304952.4984494485,8838970.79,12004986.208797209,5672955.371202789,8795171.35,11972272.278913446,5618070.421086553,9216173.04,12540317.74415516,5892028.335844839,8628753.31,11796375.107440114,5461131.512559887
1191,10586736.42,14087192.259825952,7086280.5801740475,10557205.84,13988963.193551108,7125448.4864488905,11608871.66,15424204.979413465,7793538.340586536,10805571.2,14305507.57421507,7305634.82578493,10686584.42,14208084.895336729,7165083.944663271,11376267.96,15086834.16113709,7665701.758862912,9950002.25,13362462.650910834,6537541.849089166
1201,11039790.98,14702196.442613296,7377385.517386704,11138198.47,14981205.233940106,7295191.7060598945,12108159.79,16334572.097480563,7881747.482519435,11697216.24,15592718.332592458,7801714.147407542,11103939.56,14822581.193336934,7385297.926663067,11724747.72,15729432.322563678,7720063.117436323,10168842.49,13767357.850986134,6570327.129013866
1211,11006039.71,14782376.907887734,7229702.512112268,11063157.44,14617134.166100172,7509180.713899827,10822400.65,14340325.083818823,7304476.216181178,10999228.41,14461859.536940724,7536597.283059278,11115296.59,14892321.234848676,7338271.945151323,11585650.91,15754312.901976822,7416988.918023178,9700351.63,13202638.990619114,6198064.269380888
1221,10416239.42,14142373.83030463,6690105.00969537,10696792.16,14321655.084001629,7071929.235998372,10149078.0,13456835.106176779,6841320.893823222,10255910.79,13548655.407739908,6963166.172260091,10454872.06,14188849.56515053,6720894.554849471,10827363.17,14812608.51928648,6842117.82071352,9017349.05,12577720.275033489,5456977.824966514
1231,10087961.36,13930306.472306356,6245616.247693642,10241235.08,13804575.34269536,6677894.817304641,9852635.23,13190352.905833315,6514917.554166686,10096522.25,13655072.692194093,6537971.807805906,10178229.98,14001358.961940505,6355100.998059497,10949878.58,14973611.21274919,6926145.9472508095,9005963.31,12627367.283860754,5384559.336139246
1241,10352098.91,14302826.040825106,6401371.779174895,10255778.75,13863893.599759668,6647663.900240332,10599291.96,14193427.980811838,7005155.939188164,10317144.8,13975261.551400892,6659028.04859911,10546783.95,14562424.466901641,6531143.433098358,10500539.62,14436496.66875689,6564582.571243109,9957519.38,13867818.202106478,6047220.557893524
1251,10031913.89,13777264.33685384,6286563.443146161,10013625.36,13436067.091025813,6591183.628974186,10152690.82,13572894.223747596,6732487.416252404,10153672.49,13634731.176072817,6672613.803927182,10424955.35,14266274.099635318,6583636.600364682,10620921.1,14488201.617046295,6753640.5829537045,9826737.59,13637673.360675868,6015801.819324133
1261,11112733.16,15164783.655069573,7060682.664930427,10397592.62,13900227.720776174,6894957.519223825,11203459.42,14876901.551390117,7530017.288609883,11064762.44,14829099.77145446,7300425.108545537,11517767.21,15749774.913375326,7285759.506624675,11288283.3,15521046.574117761,7055520.02588224,10711385.04,14780192.402633114,6642577.677366884
1271,11460995.89,15556253.708067345,7365738.071932657,10240932.53,13753749.528823435,6728115.531176562,11179014.17,15019011.058491249,7339017.281508752,11509148.35,15470579.563186454,7547717.136813546,11491073.44,15622082.991270991,7360063.888729008,11411004.98,15497655.780108979,7324354.179891022,10786639.38,14793829.185905736,6779449.574094267
1281,10605100.1,14446083.61719756,6764116.582802439,10004916.51,13450887.744648835,6558945.275351165,11159206.26,15168059.22533847,7150353.294661529,10850398.81,14580916.13368028,7119881.486319722,10660144.56,14547034.508694757,6773254.611305245,10986973.96,14987176.533773318,6986771.386226684,10839586.96,14936866.759840826,6742307.160159176
1291,10388916.0,14193664.63461263,6584167.365387371,9991795.52,13338890.62852943,6644700.41147057,10708453.46,14548380.345174363,6868526.574825639,10617704.65,14270569.268099412,6964840.031900589,10263489.92,14107444.584537495,6419535.255462504,11121661.46,14960722.01901854,7282600.900981462,10447958.31,14423407.728859179,6472508.891140822
1301,11503472.8,15552421.686043177,7454523.913956826,10383836.43,13970648.958403938,6797023.901596061,11691957.94,15738239.06256343,7645676.817436569,11758685.61,15834137.267833868,7683233.952166131,11511735.38,15632191.61742014,7391279.142579861,12312611.06,16726003.946844019,7899218.173155982,11235016.01,15413372.52045462,7056659.4995453805
1311,10638248.46,14415605.237811001,6860891.682189001,10137066.94,13598732.083865287,6675401.796134712,10632720.16,14369299.391345352,6896140.928654648,10512419.28,14154890.92264051,6869947.637359488,10490967.85,14265720.123360261,6716215.576639738,11189560.96,14962082.780999042,7417039.139000961,10750241.96,14736611.192591079,6763872.727408923
1321,11435463.82,15562504.567811219,7308423.072188782,11807637.29,15817973.163534269,7797301.416465729,11478046.53,15431195.607925393,7524897.452074606,11715371.49,15782624.631803509,7648118.3481964925,11636818.29,15849772.652976047,7423863.927023952,11858118.53,15941749.183146652,7774487.876853347,11222027.94,15492991.92935023,6951063.950649767
1331,10656113.08,14500599.369325504,6811626.790674496,10844638.43,14514088.965129107,7175187.894870892,11182965.91,15097317.56903343,7268614.250966569,10886971.87,14660655.71107158,7113288.028928418,10881177.75,14862816.881212957,6899538.618787042,11069369.22,15177997.198899636,6960741.241100365,10475407.46,14483970.644632038,6466844.275367963
1341,10448612.12,14416521.24204642,6480702.99795358,10331899.44,14127274.69208927,6536524.187910728,10405768.35,14141114.012578538,6670422.687421462,10621797.84,14470895.84627345,6772699.8337265495,10596615.29,14626244.68253581,6566985.897464188,11163108.23,15480316.053707624,6845900.406292377,10307840.26,14458900.300055493,6156780.219944507
1351,10067269.11,13685969.253939796,6448568.9660602035,9685379.7,13272326.364113249,6098433.035886751,10530308.05,14206568.93607948,6854047.163920522,10101662.19,13566003.879895307,6637320.500104692,10315918.67,14004106.698826093,6627730.641173906,10527724.24,14617023.176131248,6438425.303868753,9511345.48,13340413.672466762,5682277.287533239
1361,9468975.46,13229906.940633899,5708043.979366103,8973973.55,12234770.448757654,5713176.651242347,10281550.1,14101069.146914817,6462031.053085183,9754712.98,13459190.172878657,6050235.787121343,9547579.03,13346964.288029727,5748193.771970272,10330834.84,14602063.604020908,6059606.07597909,9437831.17,13226424.827683233,5649237.512316766
1371,9149373.14,12653340.416480621,5645405.86351938,9036283.92,12467070.225874584,5605497.614125415,10327104.42,14233395.09516629,6420813.74483371,9217008.96,12662134.383231908,5771883.536768095,9209895.45,12812759.651966233,5607031.248033765,10622205.82,14885970.301864672,6358441.338135328,8728679.33,12314381.219065756,5142977.440934244
1381,9727087.27,13731539.912673477,5722634.627326521,9321037.23,12910438.849356852,5731635.6106431475,10431206.59,14731424.74587245,6130988.434127551,9409312.78,13069873.229650408,5748752.330349591,9819402.35,13869102.955625124,5769701.744374876,10993901.01,15571903.855088528,6415898.164911471,8998533.97,12855773.94021843,5141293.999781572
1391,9340143.33,12797502.464821655,5882784.195178346,9972186.25,14104072.271815535,5840300.228184466,10317961.58,14355559.865502724,6280363.294497276,9418606.79,12855817.47519781,5981396.1048021875,9319789.36,12889389.65858133,5750189.061418669,11328262.3,16127128.685382532,6529395.9146174695,9446004.83,13584947.91096323,5307061.749036771
1401,9379318.81,12693425.96522985,6065211.654770152,10470612.05,14754644.366774505,6186579.7332254965,10859186.8,15142478.62847625,6575894.9715237515,9487599.93,12754635.414528035,6220564.445471964,9348071.98,12737333.464807443,5958810.495192558,11438434.02,16593419.729633179,6283448.310366821,9438412.75,13396192.179678239,5480633.320321761
1411,9544059.03,12857374.519296747,6230743.540703252,10215910.92,14312369.43527386,6119452.404726139,10524930.79,14528263.0424734,6521598.537526598,9760811.06,13068274.29104641,6453347.82895359,9480671.52,12808812.187202381,6152530.852797618,10615731.04,15338806.986437187,5892655.093562812,9548478.37,13570771.560002226,5526185.179997772
1421,10544930.48,14322005.606214922,6767855.353785079,11445957.36,15829369.877316924,7062544.842683075,11599815.2,16034726.766349327,7164903.633650672,11086695.34,14950788.758489415,7222601.921510585,10613764.02,14395805.352956917,6831722.687043081,10940459.5,15672542.556246456,6208376.443753543,10243482.07,14667877.095690733,5819087.044309268
1431,10336255.54,14025360.575091183,6647150.504908815,10485608.8,14859752.132374037,6111465.467625965,11599048.39,16305428.230016826,6892668.5499831755,10609534.12,14354019.119410176,6865049.1205898225,10068162.19,13745234.319405194,6391090.060594804,10776583.3,15648761.127196986,5904405.472803015,10428961.43,15143630.03710657,5714292.8228934305
1441,10573218.21,14141962.453754012,7004473.966245991,11117263.09,15621570.612480678,6612955.567519323,11675202.12,16304548.328016177,7045855.911983822,10575612.84,14141720.40319078,7009505.276809218,10282487.56,13824750.201854914,6740224.918145088,11683282.47,16579083.649998616,6787481.290001385,11039469.81,15876944.535847802,6201995.084152199
1451,9568457.42,12972056.008608311,6164858.831391688,9539826.36,13388344.395428471,5691308.324571528,11005251.31,15290198.303096555,6720304.316903446,9766806.45,13225457.668146515,6308155.231853483,9232911.2,12600029.97982565,5865792.420174348,9858488.25,14172444.387035863,5544532.1129641365,10546259.64,15062388.486465704,6030130.793534298
1461,9370020.36,12729730.55756961,6010310.162430389,8979133.97,12845888.160857558,5112379.779142443,10068803.42,14229081.538266044,5908525.301733956,9237489.87,12512309.674492355,5962670.065507643,8995632.62,12309370.20597921,5681895.03402079,9670175.15,13889523.849784601,5450826.450215399,9565334.55,13825026.468210768,5305642.6317892345
1471,9520550.49,12954974.37750858,6086126.60249142,10000507.01,14093284.419903908,5907729.600096092,10520088.1,14729674.65617574,6310501.543824259,9538059.21,12974733.617971906,6101384.802028095,9235290.03,12640986.830478583,5829593.229521415,10819174.52,15214421.258678865,6423927.781321135,9697537.46,13898993.04840485,5496081.871595151
1481,8891910.06,12190200.008867148,5593620.111132854,9626369.91,13732436.613020677,5520303.206979324,10209297.85,14339388.774263393,6079206.925736605,8557730.57,11762185.543187335,5353275.596812665,8729619.31,12130660.792942591,5328577.827057409,9352993.86,13354353.878359132,5351633.841640867,9279734.11,13268551.718539033,5290916.501460965
1491,9029804.51,12100119.208298754,5959489.811701246,10013141.8,13845716.590125855,6180567.009874147,10596673.57,14483690.09308596,6709657.046914041,8840758.54,11825078.833417438,5856438.24658256,8888224.38,12099365.18112825,5677083.578871751,9973989.38,13806198.399787493,6141780.360212508,9581676.58,13287826.298756197,5875526.861243802
1501,10026417.49,13575220.359846912,6477614.620153087,10557574.33,14675433.278425973,6439715.381574027,10889627.32,15230354.252295457,6548900.387704544,9602096.63,13002813.25443327,6201380.005566731,9605086.82,13102817.08648658,6107356.553513421,10122380.73,14350696.676134504,5894064.783865497,10060503.23,14278450.860431125,5842555.5995688755
1511,10822926.3,14428695.345206136,7217157.254793866,10972671.51,15315540.073792405,6629802.946207594,11509722.53,15874451.789767336,7144993.270232662,10370449.03,13927559.019901957,6813339.040098041,10446515.97,14061834.742451318,6831197.197548684,11269261.26,15748892.367631394,6789630.152368605,10759914.09,15050587.827480005,6469240.352519995
1521,10458081.19,14171468.464597933,6744693.915402067,10609843.15,14875220.077590883,6344466.222409118,11641373.9,16266737.896463513,7016009.903536488,9937151.26,13557329.567786708,6316972.95221329,10233521.49,14059658.909640616,6407384.070359385,11844286.89,16615158.032856345,7073415.747143657,10731771.18,15193934.254174052,6269608.105825948
1531,9881903.64,13505516.53761397,6258290.742386033,10737342.43,15309420.247022118,6165264.612977881,11377624.0,15977442.145465663,6777805.854534337,9693871.97,13246967.758707333,6140776.181292668,9500139.59,13121315.604971053,5878963.575028947,11460096.82,16174684.449064592,6745509.190935409,10238756.33,14744023.177376311,5733489.482623689
1541,10189188.48,14197200.723479297,6181176.236520703,10846685.11,15524627.078461561,6168743.1415384365,11477065.01,16318910.88756163,6635219.13243837,9827408.14,13713014.546847025,5941801.733152976,9789368.81,13780051.106901506,5798686.513098495,11286219.12,16115018.237212673,6457420.002787325,10423674.37,15159858.913313087,5687489.82668691
1551,9959231.38,14186915.930880759,5731546.829119242,11214259.3,15988482.33980821,6440036.260191792,10950867.19,15624258.013793185,6277476.366206814,9661382.42,13775852.783285392,5546912.056714607,9376562.54,13522903.527640758,5230221.55235924,10760718.19,15558912.040451407,5962524.3395485915,9872829.27,14358370.38280863,5387288.15719137
1561,9802580.06,13857186.531725187,5747973.588274815,10414417.03,15085715.696824707,5743118.363175292,10602874.37,15162934.392067984,6042814.347932014,9691786.66,13695470.274507662,5688103.045492338,9338810.0,13342507.14186751,5335112.858132491,10537361.22,15321342.799198328,5753379.640801674,9425181.75,13992038.886941547,4858324.613058453
1571,11103350.93,15560640.29540069,6646061.564599308,10607705.44,15150179.407594705,6065231.472405294,10952736.5,15346137.284735955,6559335.715264046,10980515.83,15402898.185633406,6558133.474366595,10493777.12,14901928.316267323,6085625.923732676,10552790.6,15229384.507836018,5876196.6921639815,9472187.27,13959150.68506653,4985223.854933469
1581,11513594.09,16000050.334710203,7027137.845289796,11005802.16,15484716.561208922,6526887.758791079,12104435.22,16776550.472654756,7432319.967345245,11413750.49,15880780.344578512,6946720.635421489,10732833.64,15146969.972286228,6318697.307713774,10372495.23,14871927.658157751,5873062.801842249,9276012.35,13624710.938943792,4927313.761056207
1591,11033299.67,15681720.348083915,6384878.991916085,10905335.91,15521563.521103458,6289108.298896542,12215917.67,17047102.644712456,7384732.695287546,11020819.07,15648979.7337512,6392658.4062487995,10204540.43,14747225.31730787,5661855.5426921295,10560635.65,15182746.523228161,5938524.776771841,9180487.22,13603522.12434062,4757452.315659382
1601,10402143.09,14730629.528626084,6073656.651373914,10415981.75,14713151.33386427,6118812.16613573,12060246.68,16778414.174610853,7342079.185389145,10123205.05,14422351.153327558,5824058.946672442,9815066.79,14013494.012581466,5616639.567418532,10501396.61,14931982.542416496,6070810.677583503,8812086.23,12833609.945373472,4790562.51462653
1611,11157235.62,15696730.981959522,6617740.258040477,11016783.26,15814121.273857184,6219445.246142817,12390463.94,17421384.754882805,7359543.125117196,10857705.38,15333368.544383042,6382042.21561696,10304717.59,14562485.050383477,6046950.129616523,11189500.76,15913314.658048447,6465686.861951552,9450397.39,13864635.714993004,5036159.0650069965
1621,11794709.83,16571076.177874025,7018343.482125975,11201731.98,16147531.668591723,6255932.291408277,12800494.69,17923037.62991037,7677951.75008963,11457201.13,16198135.14691436,6716267.1130856415,10851925.77,15424265.216049066,6279586.323950933,11894972.92,16863705.558533996,6926240.2814660035,10981477.41,15721582.16408263,6241372.655917371
1631,13089946.87,18131632.585102964,8048261.154897034,12171889.35,17295160.329503845,7048618.370496154,13556304.18,18892945.112092495,8219663.247907503,12820390.01,17826482.99504072,7814297.02495928,12827497.54,17807217.77334343,7847777.306656567,12530238.57,17583344.568367712,7477132.571632289,11636626.7,16565018.311246753,6708235.088753245
1641,13512187.55,18828539.610203534,8195835.489796468,12888281.01,18175990.984812766,7600571.035187231,13684912.24,19090102.635564648,8279721.844435353,13210591.92,18478064.762390044,7943119.077609955,13297932.75,18540876.141224146,8054989.358775856,12643103.41,17696076.89806728,7590129.921932718,11434980.8,16395715.172615547,6474246.427384454
1651,14145947.1,19746438.19457291,8545456.005427089,13159955.38,18709602.682561334,7610308.0774386665,14686750.98,20519971.040124737,8853530.919875264,13860858.78,19480900.07620466,8240817.483795336,13669962.84,19233120.179574303,8106805.500425696,13056683.04,18586193.6367271,7527172.443272901,11880513.44,17291928.309245963,6469098.570754036
1661,13745274.21,19532617.585217137,7957930.834782865,12967102.48,18791129.028411716,7143075.931588285,13771387.83,19728980.062433664,7813795.597566335,13250694.71,19022903.969236366,7478485.450763634,13213637.75,18924523.703321546,7502751.796678455,12743538.94,18425749.546926346,7061328.333073654,11694531.65,17283674.74338759,6105388.556612409
1671,13583049.53,19273473.928488586,7892625.1315114135,12287873.79,17829325.044890914,6746422.535109083,13913322.5,19565933.694115624,8260711.305884374,12998739.55,18551992.4032173,7445486.696782699,13429962.33,19090472.34200982,7769452.31799018,12398758.65,17676170.291192595,7121347.008807407,11352960.25,16632510.609542985,6073409.8904570155
1681,13420586.91,19040335.67163197,7800838.148368033,12585354.52,18210460.504691564,6960248.535308434,13386713.87,18971577.7679774,7801849.972022595,13088282.02,18702397.325770643,7474166.7142293565,13329134.07,18925657.400731854,7732610.739268145,11417550.3,16205312.639841951,6629787.960158051,11642847.61,16884247.909014195,6401447.310985803
1691,13909550.68,20219185.32642517,7599916.03357483,13392523.33,19601782.088064577,7183264.571935423,13911389.18,20159270.05604308,7663508.3039569175,13626811.21,19851344.148615457,7402278.2713845465,13783161.56,20076984.47479015,7489338.645209852,12263055.69,17829353.25773081,6696758.122269187,12142755.78,17941147.199415598,6344364.3605844
1701,13987978.66,19979420.74238029,7996536.577619711,13355169.41,19270145.742678102,7440193.077321899,13880642.78,19847242.31903129,7914043.240968708,13710099.6,19545286.563912965,7874912.636087034,13697998.8,19674956.4374433,7721041.1625567,12447211.08,17434086.01666779,7460336.14333221,11745615.64,16913448.406379797,6577782.873620206
1711,13455047.23,19349323.7555919,7560770.704408104,12718326.38,18566439.006155528,6870213.753844474,13496356.74,19387906.01497809,7604807.465021912,12986466.77,18736053.5098498,7236880.030150196,13192223.32,19081612.33071776,7302834.30928224,12556709.35,17640355.77751717,7473062.92248283,11692317.42,16897369.759485316,6487265.080514684
1721,12161110.23,17542178.959814854,6780041.500185149,11839733.08,17135563.379516467,6543902.780483532,12289517.96,17735617.886286423,6843418.033713578,11962475.89,17326307.2488981,6598644.5311019,11787397.99,17137872.280615535,6436923.699384467,11367421.37,16207969.23074986,6526873.509250138,11236028.89,16341347.73729874,6130710.042701261
1731,11723134.79,16649374.639546752,6796894.940453246,11329900.86,16269178.230571069,6390623.489428929,11583421.47,16602701.909302615,6564141.030697387,11738313.5,16654385.964775048,6822241.035224953,11111138.83,15933233.44289795,6289044.217102052,10431426.58,14693232.183940582,6169620.976059418,10190076.15,14700925.896583807,5679226.403416193
1741,11509276.95,16505516.612902584,6513037.287097415,11177511.14,16121388.567577725,6233633.712422276,11298429.0,16299412.226369448,6297445.773630553,11378143.39,16358939.07136712,6397347.708632881,10569125.2,15372605.634261196,5765644.765738802,10272608.97,14804079.607753342,5741138.332246659,9470002.1,13984634.031605376,4955370.168394623
1751,11473672.96,17045321.879852515,5902024.040147488,11220711.52,16694057.324199924,5747365.715800075,11550301.23,17084785.077049427,6015817.382950572,11302628.78,16730885.512784965,5874372.047215032,10491463.13,15940094.251922347,5042832.008077654,9800652.29,14779577.201599734,4821727.378400264,9800560.21,14862048.941828884,4739071.478171119
1761,10494368.08,15692654.505147707,5296081.6548522925,10482335.17,15652676.501280084,5311993.8387199165,11756098.3,17256640.262864914,6255556.337135087,10831976.26,16046339.486786012,5617613.033213988,9640779.99,14795718.916901095,4485841.063098906,9468761.02,14300852.412346188,4636669.627653812,9409730.37,14321408.312090259,4498052.427909739
1771,10762466.86,16256712.968785025,5268220.751214975,10816082.81,16146523.405604541,5485642.214395459,11791862.69,17626347.33016141,5957378.049838587,11047766.95,16578702.731738629,5516831.16826137,10158212.45,15571314.467235535,4745110.432764463,9515953.41,14574089.380233962,4457817.439766038,8847092.66,13796228.674639165,3897956.645360834
1781,11539914.1,16792982.306522302,6286845.893477695,11676286.49,16873223.75869745,6479349.221302549,12045913.44,17401749.80731392,6690077.072686082,11760692.01,17072617.046172224,6448766.973827776,10701890.58,15870306.45932654,5533474.700673462,9955295.15,14643981.863514442,5266608.436485559,9645381.12,14481302.382212153,4809459.857787846
1791,12008674.92,17303312.492113937,6714037.347886063,12338433.57,17664363.859499224,7012503.280500775,12562455.29,18014723.23892492,7110187.341075078,12136386.36,17471588.83728803,6801183.882711967,11352531.41,16596379.208425358,6108683.611574642,11056836.25,16262595.58440468,5851076.915595319,10672342.2,15761116.221090507,5583568.178909491
1801,11083749.51,16097567.456869844,6069931.563130155,11105456.49,16123871.855494939,6087041.124505061,11691051.45,17108495.445408195,6273607.454591801,11303086.06,16353723.87602542,6252448.243974581,10454890.31,15414921.440850226,5494859.179149775,10508074.39,15469325.696872303,5546823.083127698,9344858.69,14152654.873373969,4537062.50662603
1811,11689912.09,17087286.977490462,6292537.202509536,10660806.09,15874564.08806453,5447048.091935469,11970980.33,17679331.87932967,6262628.780670329,11806483.38,17246495.80620694,6366470.953793059,10887592.23,16088365.603603516,5686818.856396485,10658740.97,15901395.215008762,5416086.72499124,9249751.24,14334972.942408893,4164529.537591107
1821,12216814.84,17430359.20491965,7003270.475080347,10669742.56,15540825.297099322,5798659.822900678,12166530.55,17481837.126891173,6851223.973108829,12133634.48,17327631.51590845,6939637.444091553,11232682.95,16197664.373406284,6267701.526593716,11331186.39,16409228.223277014,6253144.5567229865,9475838.44,14260959.054256324,4690717.825743675
1831,13043889.45,18650081.537986074,7437697.362013925,12122692.9,17520259.265157267,6725126.534842732,13272714.41,19065086.60005425,7480342.219945749,12926313.67,18539627.59759962,7312999.742400378,12342945.13,17740161.31152041,6945728.948479593,12615508.87,18236607.117430944,6994410.622569054,10604772.01,15802148.973046951,5407395.046953048
1841,12339127.05,17549559.26851511,7128694.83148489,11035087.26,15847840.495444145,6222334.0245558545,12783383.65,18219534.544743847,7347232.755256153,12344287.1,17563465.935738225,7125108.264261775,11457525.8,16364047.611656131,6551003.98834387,11922188.41,16829383.847948696,7014992.972051305,10030842.15,14726807.963114537,5334876.336885464
1851,12529271.55,17828876.028091393,7229667.07190861,11236974.25,16236120.357680965,6237828.142319035,13151193.34,18651899.28127252,7650487.39872748,12600587.69,17936271.830061376,7264903.549938621,11717301.53,16771018.070204295,6663584.989795703,11447703.34,16328268.829029728,6567137.850970272,10242029.55,15066061.660882466,5417997.439117537
1861,12997208.65,17846419.008163694,8147998.291836306,11316843.59,15786797.718671339,6846889.461328661,13444435.81,18479345.1942243,8409526.4257757,13150523.85,18038476.756858688,8262570.943141311,11963477.05,16563372.033718858,7363582.066281144,11832439.29,16139113.78015196,7525764.799848039,10300253.22,14524997.76769244,6075508.672307562
1871,12470513.01,17112502.769349158,7828523.250650841,10872939.55,15166680.629818246,6579198.470181755,13119389.53,17989713.508709442,8249065.551290556,12626388.34,17303322.64651277,7949454.03348723,11453723.18,15839684.748186538,7067761.611813461,12154459.41,16658584.391505372,7650334.4284946285,9885092.36,13931225.993582599,5838958.726417401
1881,12712241.14,17596677.436790373,7827804.843209627,11349114.45,15985659.546202272,6712569.353797727,13214360.37,18277006.370229285,8151714.369770713,12811334.39,17737665.41437153,7885003.365628469,11601236.75,16224809.240103109,6977664.259896891,12050848.42,16594872.790974278,7506824.049025722,10443677.4,14866564.17538923,6020790.624610771
1891,12957760.31,17432871.34747082,8482649.272529181,11867767.9,16210757.866624702,7524777.9333753,12861418.41,17584401.29402354,8138435.52597646,12322243.95,16700855.45591541,7943632.4440845875,11758423.91,15958981.385336816,7557866.434663184,11488895.1,15435689.614743907,7542100.585256092,10777518.64,14656080.91918143,6898956.3608185705
1901,12224789.91,16852770.377203632,7596809.442796367,11756521.51,16404923.279729139,7108119.7402708605,12669211.89,17417920.49155604,7920503.288443958,11656963.5,16138480.976118315,7175446.023881685,11364277.13,15833059.263027731,6895494.99697227,11875927.16,16259149.210973334,7492705.109026666,10952959.09,15184650.26643772,6721267.91356228
1911,11746632.2,16383039.154097792,7110225.245902208,11449014.96,15832195.456117526,7065834.463882476,12964066.72,18039081.519672345,7889051.920327656,11386132.64,15999788.511938596,6772476.768061405,10394667.86,14619333.02920752,6170002.690792479,12338220.34,16910311.488251574,7766129.191748427,10478218.49,14473416.906421639,6483020.073578361
1921,11727038.16,16360995.195144435,7093081.124855565,11056128.5,15268449.272991188,6843807.727008813,12378916.5,17187596.942230813,7570236.057769187,11619074.44,16223869.96464396,7014278.915356038,10437992.01,14585821.723523004,6290162.296476996,11357703.14,15553452.242360959,7161954.037639042,9970722.34,13560875.393024145,6380569.286975855
1931,10946009.9,15270074.645017583,6621945.154982418,11030836.5,15154174.946835399,6907498.0531646,12110375.81,16645542.661337396,7575208.958662605,11048680.25,15405498.337783413,6691862.162216587,9632102.6,13568433.539204001,5695771.660795998,10806372.1,14689899.296891646,6922844.903108353,10253400.38,13981424.781487882,6525375.978512119
1941,11453574.76,15800294.844812036,7106854.675187964,10751846.91,14801040.815620622,6702653.004379379,12608748.08,17247867.715745147,7969628.444254853,11559562.39,15975019.999583125,7144104.780416877,9661714.21,13610119.7239549,5713308.696045103,11445404.22,15305971.292219464,7584837.147780539,10531124.57,14351731.010980885,6710518.129019114
1951,11058607.42,15230366.07781411,6886848.76218589,10034633.31,13885655.43596213,6183611.184037872,12300156.15,16777092.713660292,7823219.586339709,11245666.9,15469499.1793436,7021834.620656401,9373834.56,13209838.873795923,5537830.246204079,11257502.99,15132095.586434174,7382910.393565825,10092378.23,13923762.63108309,6260993.828916911
1961,12253598.27,16867444.225518078,7639752.314481923,10647783.07,14670140.60200862,6625425.53799138,13057498.26,17814722.564648386,8300273.9553516125,12326725.62,16985102.739943765,7668348.500056233,10424791.89,14662944.203713829,6186639.5762861725,11780615.01,16129868.358748946,7431361.661251052,10327083.75,14528280.725835307,6125886.774164693
1971,12335804.37,17084876.4624466,7586732.277553398,11314016.64,15669478.21893259,6958555.061067412,13161706.65,18099628.70920502,8223784.59079498,12615131.37,17433869.936201036,7796392.8037989605,10766251.79,15231389.125597127,6301114.4544028705,12170954.96,16825426.49521576,7516483.424784245,11099903.71,15479578.59829485,6720228.821705151
1981,12974428.95,18353182.254718836,7595675.645281163,12253173.52,17330294.02059292,7176053.01940708,14035840.1,19552717.607962955,8518962.592037044,13156588.14,18595832.85821202,7717343.421787981,11575312.93,16749783.941643273,6400841.918356726,12524895.75,17821652.86642652,7228138.633573478,12258689.13,17443111.59371547,7074266.666284531
1991,12800686.7,18190541.726876087,7410831.67312391,12416622.2,17543235.84724512,7290008.552754877,14165211.84,19873623.625323016,8456800.054676984,13008689.3,18451879.955736462,7565498.6442635385,11621663.81,16861410.168080427,6381917.451919574,12229272.4,17383119.356556296,7075425.443443704,12618130.07,17983145.60070721,7253114.539292788
2000,12046003.8,17479832.838012442,6612174.761987558,11735000.09,17089768.784623012,6380231.395376986,13489308.53,19551941.762878556,7426675.297121444,12330501.76,17802379.44933855,6858624.070661449,11045060.09,16347010.751054503,5743109.428945496,11167676.89,16236312.625785211,6099041.15421479,11308952.73,16606398.767485127,6011506.692514873
